,Price,Beds,Baths,Postal_Code,City,Latitude,Longitude,Cluster
0,430000,2,2,L5B 1N1,Mississauga,43.5771,-79.6306,1
1,598000,2,1,M6H 3Z6,Toronto,43.6655,-79.4378,2
2,750000,4,2,L2R 5Y5,St. Catharines ,43.1419,-79.2966,2
3,1899000,4,4,L8K 3P3,Hamilton,43.2211,-79.7994,1
4,899000,4,2,L8V 3M7,Hamilton,43.2266,-79.8499,1
5,1129900,4,4,L6M 0G5,Oakville,43.4464,-79.7593,1
6,1699913,6,4,L6X 0B3,Brampton,43.6665,-79.8054,3
7,1268000,5,4,L4N 9N7,Barrie,44.3572,-79.6929,3
9,1188000,3,3,L4S 0E9,Richmond Hill ,43.8985,-79.4143,0
10,1388800,7,5,M1W 3A4,Scarborough,43.8016,-79.3216,1
11,895000,4,3,L4W 2B9,Mississauga,43.6413,-79.6296,2
12,628000,2,1,L1V 1G2,Pickering,43.8605,-79.1618,1
13,999000,5,3,L5M 4Z5,Mississauga,43.5637,-79.7202,1
14,2499000,5,5,L0K 1B0,Lake Simcoe ,44.6233,-79.1235,1
15,1299000,4,4,L6E 1M1,Markham,43.9002,-79.2676,0
16,2699999,7,6,M1M 1X5,Scarborough,43.7247,-79.2312,3
17,735000,2,2,M9B 1Z9,Etobicoke,43.6505,-79.5517,1
18,950000,2,2,K7M 2R2,Kingston,44.2411,-76.5788,1
20,1749000,3,2,M2P 2E3,North York ,43.75,-79.3978,1
21,599900,2,1,M2J 1M4,North York ,43.7801,-79.3479,1
23,999000,6,3,N2B 3N1,Kitchener,43.4646,-80.4467,3
24,999000,3,3,K1V 8S1,Ottawa,45.3281,-75.6719,1
25,999900,2,1,L8E 5C5,Hamilton,43.2245,-79.6988,1
26,899000,4,4,N1E 7E7,Guelph,43.5677,-80.2418,1
27,599888,3,3,L8L 5V7,Hamilton,43.2783,-79.8344,3
28,470000,3,2,K9J 3N9,Peterborough,44.3104,-78.2396,1
29,1199000,7,3,L4T 4J3,Mississauga,43.7139,-79.6434,0
31,1199000,4,3,M9W 4K7,Etobicoke,43.7144,-79.5909,3
32,1379000,6,4,M9M 2A8,North York ,43.7366,-79.5401,1
34,2799999,4,4,K9J 6X8,Peterborough,44.3104,-78.2396,3
35,2749000,5,5,M9A 1C2,Etobicoke,43.6662,-79.5282,3
38,2500000,6,6,L6X 2Z9,Brampton,43.6665,-79.8054,0
39,1199900,4,3,L9E 0K7,Halton,43.5168,-79.8829,1
40,896913,7,3,L6V 3V9,Brampton,43.7059,-79.7626,3
41,999000,4,3,L4M 3H7,Barrie,44.4001,-79.6663,2
42,1988000,4,4,N3R 1H9,Brant,43.1692,-80.2684,0
43,3198888,5,5,M4V 1E3,Toronto,43.6861,-79.4025,0
44,1649000,3,2,M5R 3J8,Toronto,43.6736,-79.4035,3
45,6480000,8,9,L6C 2T2,Markham,43.9045,-79.3392,2
46,999999,4,4,L6E 1X1,Markham,43.9002,-79.2676,1
47,999900,5,4,L1C 6B5,Bowmanville,43.9714,-78.7095,1
48,999000,4,2,M1P 1M2,Scarborough,43.7612,-79.2707,2
49,1199000,7,5,L1K 1M2,Oshawa,43.9251,-78.8287,3
50,1000000,5,4,L1N 8M4,Whitby,43.8721,-78.9273,1
51,849900,3,2,L1Z 0C7,Ajax,43.8773,-79.0055,3
52,1580000,5,2,M2M 3M6,Willowdale,43.7915,-79.4103,3
53,999000,5,3,M3H 5R2,North York ,43.7535,-79.4472,2
54,750000,3,2,L8H 6R7,Hamilton,43.2596,-79.7925,1
55,599900,2,2,N2V 2V3,Waterloo,43.4764,-80.5842,2
56,609900,2,1,M8X 2A3,Etobicoke,43.6518,-79.5076,2
57,898888,3,2,L5B 1T8,Mississauga,43.5771,-79.6306,2
58,499999,1,1,L7L 0G2,Burlington,43.3799,-79.7668,2
59,879000,3,2,M8Y 4H5,Etobicoke,43.6325,-79.4939,2
60,758000,2,1,M6K 1E6,Toronto,43.6383,-79.4301,2
61,960000,3,2,L3R 2B3,Markham,43.8479,-79.3288,2
64,599000,2,1,L4C 0W7,Richmond Hill ,43.8669,-79.4414,1
65,448888,1,1,M1P 4N7,Scarborough,43.7612,-79.2707,1
66,579900,1,1,L1V 2W8,Pickering,43.8605,-79.1618,1
67,799900,3,3,L1X 2S9,Pickering,43.8558,-79.0972,3
69,748880,2,2,M6C 1A6,York,43.6915,-79.4307,3
70,625000,2,1,M4Y 2J4,Toronto,43.6656,-79.383,1
71,1550000,3,3,M5R 2X3,Toronto,43.6736,-79.4035,3
72,709000,3,2,M5V 4A7,Toronto,43.6404,-79.3995,3
73,899900,3,3,L4Y 3B7,Mississauga,43.6028,-79.5929,1
75,3889000,4,4,L8E 0J7,Hamilton,43.2245,-79.6988,1
77,1199000,3,3,L9E 1H9,Halton,43.5168,-79.8829,3
78,999000,5,2,K7L 5T9,Kingston,44.2955,-76.428,3
79,869900,4,3,L6S 4B7,Brampton,43.7379,-79.726,1
81,899900,5,3,L6T 2N8,Brampton,43.7196,-79.6854,2
82,1299900,4,3,L6V 4T3,Brampton,43.7059,-79.7626,0
83,1790000,4,2,L5G 3H6,Mississauga,43.5647,-79.5852,0
84,1699000,7,5,L6Z 3M1,Brampton,43.7328,-79.7953,2
86,1499000,6,4,L6Z 4N8,Brampton,43.7328,-79.7953,3
87,999900,6,3,L4T 1X3,Mississauga,43.7139,-79.6434,0
88,2175000,3,3,L4C 4A1,Richmond Hill ,43.8669,-79.4414,1
89,2300000,5,4,L6J 7J8,Oakville,43.4757,-79.6591,3
90,899000,4,2,P6B 3A5,Sault Ste. ,46.5307,-84.3046,0
91,999999,4,3,L4M 6Z4,Barrie,44.4001,-79.6663,1
92,1149000,5,5,L4N 9M9,Barrie,44.3572,-79.6929,1
93,1100000,3,3,N2E 1B4,Kitchener,43.4106,-80.5011,1
97,1199888,3,4,L4H 0Z4,Woodbridge,43.8432,-79.5644,3
102,829900,2,2,L1R 3M3,Whitby,43.9215,-78.9412,2
103,2199000,5,4,L1R 2A2,Whitby,43.9215,-78.9412,1
104,1449888,5,4,L1R 3P8,Whitby,43.9215,-78.9412,2
105,700000,3,4,L1N 2K6,Whitby,43.8721,-78.9273,2
106,2849000,4,5,M4B 0A2,East York ,43.7063,-79.3094,1
107,849000,5,4,L7M 0H6,Burlington,43.4342,-79.8701,1
108,1290000,7,5,L1K 0S1,Oshawa,43.9251,-78.8287,0
109,2780000,4,3,M2K 1C3,North York ,43.7797,-79.3813,0
110,3399000,5,4,M3B 1P7,Don Mills ,43.745,-79.359,0
111,2180000,7,3,M6G 1C5,Toronto,43.6683,-79.4205,1
112,689900,2,2,L5B 0H7,Mississauga,43.5771,-79.6306,1
113,598000,2,2,L4Y 3H7,Mississauga,43.6028,-79.5929,1
114,799900,3,2,L4Y 3H7,Mississauga,43.6028,-79.5929,3
115,649000,3,2,L6T 5L6,Brampton,43.7196,-79.6854,1
116,419000,1,1,L5N 6R7,Mississauga,43.5924,-79.7611,2
117,599900,3,2,M3J 1V6,North York ,43.7694,-79.4921,1
118,799900,2,3,L7N 3L5,Burlington,43.3512,-79.784,2
120,529900,2,2,M1E 1N9,Scarborough,43.7678,-79.1866,0
121,1150000,3,2,M5V 3Y7,Toronto,43.6404,-79.3995,3
122,1100000,2,2,M5A 3C4,Toronto,43.6555,-79.3626,0
123,690000,2,2,M2N 3Y2,Willowdale,43.7673,-79.4111,2
124,599900,2,1,M2N 0C8,Willowdale,43.7673,-79.4111,0
125,545900,2,1,M2J 1M4,North York ,43.7801,-79.3479,1
126,669000,2,1,M5J 0E1,Toronto,43.623,-79.3936,3
127,886000,3,2,M2N 0C8,Willowdale,43.7673,-79.4111,1
129,2249000,5,4,L6J 5W5,Oakville,43.4757,-79.6591,3
130,1799900,6,4,L6H 2P2,Oakville,43.4881,-79.7098,1
133,1699000,7,4,L4S 1C6,Richmond Hill ,43.8985,-79.4143,3
134,1399900,8,4,M1W 1H8,Scarborough,43.8016,-79.3216,0
135,3498000,5,6,M2N 6K9,Willowdale,43.7673,-79.4111,2
136,1388000,6,3,M2J 2W6,North York ,43.7801,-79.3479,2
137,2490000,5,5,M2L 2V2,North York ,43.7547,-79.3764,3
138,668800,3,2,L5B 3R2,Mississauga,43.5771,-79.6306,2
139,675000,2,1,M8Y 4H5,Etobicoke,43.6325,-79.4939,3
140,649900,1,1,L6H 2R9,Oakville,43.4881,-79.7098,1
141,659000,3,2,M1P 4X4,Scarborough,43.7612,-79.2707,1
142,599990,2,1,M2J 1M4,North York ,43.7801,-79.3479,3
143,749000,2,2,M5G 1P7,Toronto,43.6564,-79.386,1
145,699000,3,2,L2M 7Y2,St. Catharines ,43.196,-79.2161,3
146,1099999,4,6,N4T 1R8,Woodstock,43.1485,-80.7319,2
148,1399900,3,3,N1G 4M4,Guelph,43.5184,-80.2257,2
149,929900,7,3,K2C 0H5,Ottawa,45.3679,-75.7381,2
150,599900,2,1,L2M 3A9,St. Catharines ,43.196,-79.2161,2
151,1399000,5,4,N2T 2C6,Waterloo,43.453,-80.5692,2
153,1190000,4,4,L9V 3M7,Orangeville,43.9597,-80.1079,3
154,2399913,4,4,L6X 0X5,Brampton,43.6665,-79.8054,3
155,3490000,4,4,L6L 1Y9,Oakville,43.4032,-79.7186,0
157,1699000,6,4,L6R 0M5,Brampton,43.7592,-79.7605,1
158,1699000,8,5,L6S 4J8,Brampton,43.7379,-79.726,1
160,1389900,5,4,L4Z 3C3,Mississauga,43.6192,-79.6538,1
161,999000,4,4,L6S 3E3,Brampton,43.7379,-79.726,0
166,1299000,6,4,L4H 0X9,Woodbridge,43.8432,-79.5644,2
167,920000,4,4,M4C 3E7,East York ,43.6913,-79.3116,1
168,1280000,6,5,M1W 3R6,Scarborough,43.8016,-79.3216,2
169,949996,4,3,L1V 3B4,Pickering,43.8605,-79.1618,3
170,999900,3,3,L1R 2K5,Whitby,43.9215,-78.9412,2
171,1099999,4,3,L1Z 0G7,Ajax,43.8773,-79.0055,3
172,1088800,6,2,M1J 1T3,Scarborough,43.7464,-79.2323,2
173,499900,2,1,L7R 2J6,Burlington,43.375,-79.8434,3
174,549000,3,2,L4X 1S5,Mississauga,43.6178,-79.5786,1
175,799888,3,2,L5M 4G8,Mississauga,43.5637,-79.7202,3
177,899900,2,2,N1E 3E9,Guelph,43.5677,-80.2418,1
178,968000,3,4,L3R 1Z9,Markham,43.8479,-79.3288,3
180,690000,2,2,L4B 4V9,Richmond Hill ,43.8582,-79.3985,3
181,449000,1,1,K6J 2H5,Cornwall,45.0223,-74.7569,3
182,490000,2,2,M1B 1Y3,Scarborough,43.8113,-79.193,2
183,480000,2,2,M1B 1Y3,Scarborough,43.8113,-79.193,1
184,998000,3,2,M5V 1J6,Toronto,43.6404,-79.3995,1
185,949000,2,2,L1V 1A9,Pickering,43.8605,-79.1618,3
186,699999,2,1,M5V 1B3,Toronto,43.6404,-79.3995,3
187,656535,2,1,M5E,Toronto,43.6456,-79.3754,1
188,599000,1,1,M4S 2C6,Toronto,43.702,-79.3853,3
189,1249000,6,5,N3T 0J9,Brant,43.131,-80.3254,0
190,949000,3,2,N7M 5J7,Chatham,42.4238,-82.1183,3
191,1299000,8,3,L2R 5Y5,St. Catharines ,43.1419,-79.2966,3
192,1099000,5,4,N1G 4M4,Guelph,43.5184,-80.2257,3
193,1150000,4,1,L9W 5J6,Orangeville,43.9702,-80.016,3
194,649900,3,2,L2G 1S9,Niagara Falls ,43.0696,-79.0818,1
195,1295000,4,4,L2N 2T1,St. Catharines ,43.1923,-79.2559,3
196,899900,7,2,L8S 4C6,Hamilton,43.2606,-79.9161,1
197,799900,6,3,M1N 2J1,Scarborough,43.6952,-79.2646,1
200,999999,3,3,P3N 1K7,Greater Sudbury ,46.5845,-81.0029,1
201,875000,3,2,L9C 1N4,Hamilton,43.2313,-79.9049,3
202,359900,4,2,N1G 1B3,Guelph,43.5184,-80.2257,3
204,509900,3,1,L2R 3M1,St. Catharines ,43.1419,-79.2966,1
205,749900,5,1,P7E 5M4,Thunder Bay ,48.3684,-89.284,1
206,849900,4,3,L5G 1H9,Mississauga,43.5647,-79.5852,1
207,799900,4,3,M6P,Toronto,43.6605,-79.4633,3
209,999900,4,4,N1T 1Z7,Cambridge,43.3849,-80.2833,1
210,539000,3,2,N9E 1B6,Windsor,42.2652,-83.0314,1
211,2198000,4,2,L9G 1L8,Ancaster,43.1836,-79.9902,0
216,699900,3,3,N2T 3A3,Waterloo,43.453,-80.5692,1
217,950000,6,3,N1G 4W7,Guelph,43.5184,-80.2257,2
218,899900,3,4,L2H 1H4,Niagara Falls ,43.1009,-79.1379,1
220,995000,5,2,L7N 3P1,Burlington,43.3512,-79.784,2
221,1100000,3,3,L3R 3R5,Markham,43.8479,-79.3288,3
222,999000,5,2,L5A 1Y6,Mississauga,43.5883,-79.6091,3
223,1100000,3,3,M9R 2J2,Etobicoke,43.6898,-79.5582,0
224,999000,3,1,L7P 1B6,Burlington,43.3806,-79.886,3
225,1398000,4,2,M8Z 2G6,Etobicoke,43.6256,-79.5231,2
228,789900,3,2,L7L 1X7,Burlington,43.3799,-79.7668,1
229,1199000,3,2,M8V 3M1,Toronto,43.6075,-79.5013,0
232,899900,4,3,L9W 4V2,Orangeville,43.9702,-80.016,1
234,1149000,4,4,L6M 3N2,Oakville,43.4464,-79.7593,0
236,999999,3,2,L6T 2Y9,Brampton,43.7196,-79.6854,0
237,890000,3,2,M3L 1Z5,Downsview,43.7334,-79.5116,2
238,1199000,5,4,L9A 2N9,Hamilton,43.2271,-79.871,2
239,1299900,5,2,L7P 5A6,Burlington,43.3806,-79.886,2
240,4150000,5,5,L6J 3L6,Oakville,43.4757,-79.6591,2
241,1695000,4,3,L7P 0J1,Burlington,43.3806,-79.886,0
242,1599000,6,4,L6P 2S4,Brampton,43.7942,-79.7021,1
243,949900,3,3,L6S 4B1,Brampton,43.7379,-79.726,1
244,1199999,4,4,L6X 0S1,Brampton,43.6665,-79.8054,2
246,999000,3,2,L8S 4E4,Hamilton,43.2606,-79.9161,0
247,1099900,5,3,L6T 1V6,Brampton,43.7196,-79.6854,0
248,1688000,4,3,L6M,Oakville,43.4464,-79.7593,2
249,799900,4,2,K7L 1A6,Kingston,44.2955,-76.428,2
250,1199999,5,3,L4T 0A4,Mississauga,43.7139,-79.6434,2
251,1550000,4,3,L5J 2Z1,Mississauga,43.5102,-79.6296,1
253,4399000,5,4,L5G 3R2,Mississauga,43.5647,-79.5852,3
254,1395000,4,5,L6Y 6B1,Brampton,43.6249,-79.7876,3
256,1199999,4,4,L6R 1L9,Brampton,43.7592,-79.7605,2
257,699900,2,1,L0K 2B0,Lake Simcoe ,44.6233,-79.1235,3
258,2799000,4,3,L0K 1E0,Lake Simcoe ,44.6233,-79.1235,2
261,1849000,4,4,K1S 2H2,Ottawa,45.399,-75.6871,3
262,845000,3,2,K1N 7E5,Ottawa,45.4289,-75.6844,3
264,1349000,4,3,N3C 1Y9,Cambridge,43.4389,-80.2649,2
265,1290000,3,4,L4S 1N5,Richmond Hill ,43.8985,-79.4143,2
269,1480000,4,3,L6E 2G1,Markham,43.9002,-79.2676,3
272,998000,5,4,L3R 5T5,Markham,43.8479,-79.3288,2
273,1680000,5,3,L4E 0T7,Richmond Hill ,43.9394,-79.4349,2
274,1198000,3,4,L4H 2W8,Woodbridge,43.8432,-79.5644,2
275,1980000,4,3,L4E 3L2,Richmond Hill ,43.9394,-79.4349,2
276,899000,3,3,L3X 3G6,Newmarket,44.0433,-79.4912,2
277,1999000,5,3,L0E 1N0,Lake Simcoe ,44.3199,-79.2778,1
278,1388000,4,3,L6C 2E6,Markham,43.9045,-79.3392,2
279,1999000,2,2,L4E 0T7,Richmond Hill ,43.9394,-79.4349,2
281,1388900,5,4,L6C 0T3,Markham,43.9045,-79.3392,2
282,1299999,5,4,M1C 3T7,Scarborough,43.7878,-79.1564,2
283,1580000,3,3,M4L 1V5,Toronto,43.6693,-79.3155,2
285,899900,4,3,L1C 5C6,Bowmanville,43.9714,-78.7095,2
287,1199000,4,3,M4C 3E7,East York ,43.6913,-79.3116,1
288,1199999,4,4,L1R 2A1,Whitby,43.9215,-78.9412,1
289,1318000,3,2,M4C 1H8,East York ,43.6913,-79.3116,2
290,1150000,4,2,M1C 2W5,Scarborough,43.7878,-79.1564,1
291,1050000,4,4,L1W 1W7,Pickering,43.8197,-79.0803,2
292,998999,4,3,L1T 0B4,Ajax,43.8843,-79.0534,2
293,799000,4,4,L1H 7Z4,Oshawa,43.9721,-78.8837,1
294,1188800,6,5,M1S 1V7,Scarborough,43.7946,-79.2644,1
295,1148000,6,2,L8G 2E9,Hamilton,43.2164,-79.7423,3
296,1149000,4,3,L1M 1E8,Whitby,43.9566,-78.9779,3
297,749000,3,2,L1K 1X8,Oshawa,43.9251,-78.8287,1
298,799990,4,3,L1C 4J1,Bowmanville,43.9714,-78.7095,3
299,699900,4,4,L1N 2K6,Whitby,43.8721,-78.9273,1
301,699900,5,2,L1G 4V5,Oshawa,43.9233,-78.8684,1
302,1680000,6,6,M4S 2P2,Toronto,43.702,-79.3853,1
303,1299000,4,2,M1L 4N7,Scarborough,43.7122,-79.2843,0
304,999999,5,2,M1B 1H3,Scarborough,43.8113,-79.193,1
306,1999900,4,3,L1R 2K5,Whitby,43.9215,-78.9412,1
307,999999,3,2,M6J 3L2,Toronto,43.648,-79.4177,3
308,1468000,4,4,M2N 3H5,Willowdale,43.7673,-79.4111,3
309,1699000,5,3,M2H 2G6,North York ,43.8015,-79.3577,3
310,2698888,4,4,M3A 2P5,North York ,43.7545,-79.33,1
311,2599000,3,3,M5N 2R1,Toronto,43.7113,-79.4195,1
312,1788800,4,2,M2J 1H5,North York ,43.7801,-79.3479,2
313,3499000,6,4,M4V 1W6,Toronto,43.6861,-79.4025,3
314,9500000,7,10,L8G 5G3,Hamilton,43.2164,-79.7423,0
316,2338800,3,1,M2N 3Y2,Willowdale,43.7673,-79.4111,3
317,399900,2,1,L2T 3J7,St. Catharines ,43.1313,-79.2317,2
318,699900,3,2,P7A 8C7,Thunder Bay ,48.4601,-89.2035,3
320,699900,3,2,L8H 5X7,Hamilton,43.2596,-79.7925,1
321,699000,2,2,M3K 0A5,Toronto,43.739,-79.4692,3
322,699000,3,2,M9B 1Z9,Etobicoke,43.6505,-79.5517,1
323,599000,2,2,M8Z 1R6,Etobicoke,43.6256,-79.5231,3
324,449900,2,1,L4Y 2C1,Mississauga,43.6028,-79.5929,0
325,699500,3,1,M6H 3Z6,Toronto,43.6655,-79.4378,3
326,980000,2,2,M8W 3T7,Etobicoke,43.6021,-79.5402,1
327,799990,2,2,M8V 1A2,Toronto,43.6075,-79.5013,3
328,599990,2,2,M9B 1T6,Etobicoke,43.6505,-79.5517,3
329,799999,2,2,M8V 1A2,Toronto,43.6075,-79.5013,1
332,569999,3,2,M9W 6A5,Etobicoke,43.7144,-79.5909,3
333,629000,2,2,L4M 0J2,Barrie,44.4001,-79.6663,3
336,599999,2,1,L3R 0G6,Markham,43.8479,-79.3288,2
340,799000,4,3,M1V 0B8,Scarborough,43.8177,-79.2819,1
341,899000,2,3,L1V 1G2,Pickering,43.8605,-79.1618,1
342,629000,2,1,L1R 3G8,Whitby,43.9215,-78.9412,2
343,399900,1,1,M4C 5M9,East York ,43.6913,-79.3116,3
344,699900,2,1,M5V 2V6,Toronto,43.6404,-79.3995,0
345,1900000,3,3,M9R 3V7,Etobicoke,43.6898,-79.5582,0
346,649900,2,1,M5V 1J5,Toronto,43.6404,-79.3995,0
347,565000,1,1,M5V 0G7,Toronto,43.6404,-79.3995,2
348,688000,3,2,M2M 3R7,Willowdale,43.7915,-79.4103,0
349,638000,2,1,M5A 3C4,Toronto,43.6555,-79.3626,3
351,599888,2,1,M5T 2W7,Toronto,43.6541,-79.3978,1
352,819800,2,2,M4S 1A9,Toronto,43.702,-79.3853,0
353,899900,2,1,L2V 4N1,St. Catharines ,43.1142,-79.2035,2
354,819000,2,2,M2J 1M4,North York ,43.7801,-79.3479,2
355,699000,2,2,M5E 1A7,Toronto,43.6456,-79.3754,2
356,1680000,3,3,M5E,Toronto,43.6456,-79.3754,3
357,1150000,1,2,M4W 2L9,Toronto,43.6827,-79.373,2
358,418000,1,1,M5S 2J2,Toronto,43.6629,-79.3987,1
360,750000,2,1,M5V 1J6,Toronto,43.6404,-79.3995,3
363,499900,2,1,L3C 4W5,Welland,42.9998,-79.2656,3
364,1699900,4,4,N1E 1G2,Guelph,43.5677,-80.2418,2
365,749000,4,2,N2L 4Z9,Waterloo,43.4715,-80.5454,1
369,799800,3,3,N2R 0N1,Kitchener,43.3849,-80.487,3
370,509000,3,2,N2A 2C4,Kitchener,43.4413,-80.4246,1
371,849900,3,2,L9B 2E3,Hamilton,43.2055,-79.9004,3
372,675000,3,1,L2N 2Z7,St. Catharines ,43.1923,-79.2559,2
373,1400000,4,2,L9W 6W6,Orangeville,43.9702,-80.016,3
374,999000,3,3,K0L 2W0,Peterborough County,44.7767,-77.9687,2
375,549900,2,1,K9J 6X2,Peterborough,44.3104,-78.2396,2
377,489900,3,1,L5M 1Y4,Mississauga,43.5637,-79.7202,2
379,995000,2,2,L9E 0B5,Halton,43.5168,-79.8829,1
380,1249000,5,4,L7P 4C3,Burlington,43.3806,-79.886,2
381,1178888,4,4,L6R 3S7,Brampton,43.7592,-79.7605,2
382,799000,3,1,L5J 3X1,Mississauga,43.5102,-79.6296,2
383,1699900,6,4,L6R 3C3,Brampton,43.7592,-79.7605,2
384,1599900,4,4,L5M 7M8,Mississauga,43.5637,-79.7202,1
385,999000,5,2,L6Y 1J2,Brampton,43.6249,-79.7876,1
386,1998000,4,4,L6M 0T7,Oakville,43.4464,-79.7593,1
387,1299900,3,4,L5M 7M4,Mississauga,43.5637,-79.7202,1
388,2288000,6,6,M6R 2V4,Toronto,43.6469,-79.4521,0
389,1680000,5,4,L6M 5K3,Oakville,43.4464,-79.7593,0
390,1250000,5,3,L6L 2C3,Oakville,43.4032,-79.7186,2
391,1388888,5,4,L5L 1G5,Mississauga,43.5373,-79.6903,1
393,1299000,5,4,L6Y 5N2,Brampton,43.6249,-79.7876,1
394,899999,4,3,L6Z 0E4,Brampton,43.7328,-79.7953,2
395,1995000,9,6,L6Z 3L5,Brampton,43.7328,-79.7953,3
396,1399000,3,3,L6K 2X3,Oakville,43.4396,-79.6878,2
397,1499000,6,5,L5N 6X7,Mississauga,43.5924,-79.7611,3
398,1038888,3,2,M6E 4Y2,York,43.6889,-79.4507,1
400,1449900,6,5,L6R 1B9,Brampton,43.7592,-79.7605,3
401,2649000,3,4,M1J 3M5,Scarborough,43.7464,-79.2323,1
402,1399900,4,4,L4N 7H6,Barrie,44.3572,-79.6929,2
403,1299000,5,4,M9A 3E1,Etobicoke,43.6662,-79.5282,3
405,899000,4,2,N7T 4K7,Sarnia,42.9578,-82.2777,1
407,799900,3,2,L7L 5P9,Burlington,43.3799,-79.7668,3
410,1099000,4,4,L5M 7J8,Mississauga,43.5637,-79.7202,0
411,1399900,6,4,N2H 6R3,Kitchener,43.4581,-80.4818,3
412,1699900,4,4,L6X 0H7,Brampton,43.6665,-79.8054,3
413,1825000,5,4,L6M 2G3,Oakville,43.4464,-79.7593,0
414,1899000,7,5,L6P 2B1,Brampton,43.7942,-79.7021,1
415,1599999,4,4,N2V 2W9,Waterloo,43.4764,-80.5842,1
417,1199900,3,3,L7L 0B9,Burlington,43.3799,-79.7668,1
418,1798000,6,3,L5G 4G8,Mississauga,43.5647,-79.5852,2
422,1199900,5,4,L6P 2G7,Brampton,43.7942,-79.7021,1
423,1049000,4,4,L6R 1J1,Brampton,43.7592,-79.7605,1
424,799000,4,2,L5J 2B5,Mississauga,43.5102,-79.6296,3
425,1499900,6,4,L6X 3V2,Brampton,43.6665,-79.8054,2
427,699900,3,3,L4N 1C3,Barrie,44.3572,-79.6929,3
428,699900,4,2,L4N 4E2,Barrie,44.3572,-79.6929,2
429,1425000,4,4,L4N 9R6,Barrie,44.3572,-79.6929,2
431,699000,3,2,L4N 6A9,Barrie,44.3572,-79.6929,2
432,474900,3,1,K1A 0G5,Ottawa,45.4207,-75.7023,2
437,1098800,3,3,L4C 0A6,Richmond Hill ,43.8669,-79.4414,3
438,2639000,7,5,L4H 3J8,Woodbridge,43.8432,-79.5644,1
439,499000,2,1,L0E 1N0,Lake Simcoe ,44.3199,-79.2778,3
445,999000,4,4,L4S 2K9,Richmond Hill ,43.8985,-79.4143,3
446,1890000,4,2,L3Y 5W1,Newmarket,44.0565,-79.4555,0
447,2300000,4,4,L3Y 4W1,Newmarket,44.0565,-79.4555,2
450,899900,3,4,L1R 2K5,Whitby,43.9215,-78.9412,1
451,1079888,6,5,L4N 9R6,Barrie,44.3572,-79.6929,2
452,888000,5,3,L1V 1X2,Pickering,43.8605,-79.1618,1
453,1398800,8,5,L1V 7A3,Pickering,43.8605,-79.1618,2
454,2389999,5,4,M4L 6S5,Toronto,43.6693,-79.3155,1
455,949000,3,3,M1B 5S1,Scarborough,43.8113,-79.193,2
457,1049000,5,4,L1N 2A3,Whitby,43.8721,-78.9273,2
458,1649900,6,4,M4B 2J0,East York ,43.7063,-79.3094,2
459,799900,3,2,L1W 1W7,Pickering,43.8197,-79.0803,2
460,600000,3,3,L1J 2L4,Oshawa,43.8852,-78.8771,3
462,949000,4,4,M1B 2X2,Scarborough,43.8113,-79.193,1
463,899900,4,2,M1P 4N7,Scarborough,43.7612,-79.2707,1
464,699000,2,2,M1J 2V6,Scarborough,43.7464,-79.2323,1
465,1189000,3,2,M4L 3G8,Toronto,43.6693,-79.3155,3
466,649900,4,2,L1C 1P8,Bowmanville,43.9714,-78.7095,3
467,999000,3,3,L1P 1N9,Whitby,43.8866,-78.975,3
468,1699000,4,2,M3H 2T1,North York ,43.7535,-79.4472,0
469,999998,4,1,M6E 2W1,York,43.6889,-79.4507,3
471,499900,3,2,N1H 3C3,Guelph,43.5588,-80.3004,2
472,549900,3,2,L8G 1C2,Hamilton,43.2164,-79.7423,3
474,499000,3,2,M9V 4P2,Etobicoke,43.7432,-79.5876,1
475,749000,3,3,L7P 3G9,Burlington,43.3806,-79.886,1
476,569000,2,1,M2N 0G2,Willowdale,43.7673,-79.4111,3
477,629900,1,1,L5R 0E5,Mississauga,43.606,-79.6708,3
478,539900,1,1,L4Z 1V9,Mississauga,43.6192,-79.6538,1
479,985000,2,3,M6H 4B5,Toronto,43.6655,-79.4378,1
480,458800,3,2,M3N 1L6,North York ,43.7568,-79.521,1
481,929000,3,2,L7L 1C7,Burlington,43.3799,-79.7668,3
482,499000,2,1,L4Z 0A3,Mississauga,43.6192,-79.6538,2
483,1299000,5,4,L6R 3S7,Brampton,43.7592,-79.7605,1
484,499900,1,1,M6H 3Z6,Toronto,43.6655,-79.4378,3
485,1599999,3,3,M8Z 2R4,Etobicoke,43.6256,-79.5231,3
487,599900,3,2,M1P 4N7,Scarborough,43.7612,-79.2707,1
490,635000,1,1,M5V 2V6,Toronto,43.6404,-79.3995,3
493,599990,1,1,M2N 7L3,Willowdale,43.7673,-79.4111,0
494,599000,2,1,M2N 7H4,Willowdale,43.7673,-79.4111,2
495,569000,1,1,N3S 5M2,Brant,43.1394,-80.2357,1
496,639900,2,2,L5M 3A9,Mississauga,43.5637,-79.7202,0
497,699999,2,2,M2N 7B2,Willowdale,43.7673,-79.4111,3
498,899500,2,2,M5J 0B5,Toronto,43.623,-79.3936,0
500,899900,3,2,M6K 3R9,Toronto,43.6383,-79.4301,0
501,899000,5,2,L2N 4Z7,St. Catharines ,43.1923,-79.2559,1
502,950000,4,3,N2E 4K7,Kitchener,43.4106,-80.5011,2
504,2495000,4,2,L2H 0Z2,Niagara Falls ,43.1009,-79.1379,2
507,1499000,3,4,L6M 0Z4,Oakville,43.4464,-79.7593,0
508,2999000,4,3,L6J 2A4,Oakville,43.4757,-79.6591,2
509,1788000,6,6,L4S 0E9,Richmond Hill ,43.8985,-79.4143,0
510,1980000,6,5,L4E 4C7,Richmond Hill ,43.9394,-79.4349,3
511,1998000,3,3,L4C 6T7,Richmond Hill ,43.8669,-79.4414,1
513,1499000,4,4,L3X 2K3,Newmarket,44.0433,-79.4912,2
514,1188000,3,4,L4B 0A6,Richmond Hill ,43.8582,-79.3985,0
516,1680000,6,4,L3R 8K4,Markham,43.8479,-79.3288,2
518,1199000,4,3,M1C 2B8,Scarborough,43.7878,-79.1564,2
519,849000,2,1,M4C 1E2,East York ,43.6913,-79.3116,2
520,999000,3,1,M1J 1J0,Scarborough,43.7464,-79.2323,0
521,849900,2,2,L1C 0L3,Bowmanville,43.9714,-78.7095,3
522,1299000,3,2,M3A 2T7,North York ,43.7545,-79.33,0
523,699900,2,2,M6B 3T8,North York ,43.7081,-79.4479,2
524,600000,2,1,M3M 2G7,Downsview,43.7319,-79.4928,2
525,1249900,2,3,L5G 1E9,Mississauga,43.5647,-79.5852,1
526,499000,2,1,M1P 0B2,Scarborough,43.7612,-79.2707,2
527,999999,4,3,N1L 1N4,Guelph,43.516,-80.19,1
531,1649900,9,4,L8K 6N3,Hamilton,43.2211,-79.7994,1
533,899000,3,3,L9E 0B5,Halton,43.5168,-79.8829,2
535,1499900,3,3,L6L 6P7,Oakville,43.4032,-79.7186,1
536,1499990,5,5,L6R 0R4,Brampton,43.7592,-79.7605,3
537,1189000,5,3,L4T 4J3,Mississauga,43.7139,-79.6434,3
538,799000,3,3,L4Z 3N7,Mississauga,43.6192,-79.6538,3
540,2769880,5,6,L6H 7B8,Oakville,43.4881,-79.7098,1
542,849900,4,3,L4N 8R6,Barrie,44.3572,-79.6929,3
543,799900,3,4,L4N 9S9,Barrie,44.3572,-79.6929,3
545,4350000,4,4,K9J 6L3,Peterborough,44.3104,-78.2396,1
547,799000,3,1,L0E 1S0,Lake Simcoe ,44.3199,-79.2778,1
548,1390000,4,3,L3X 2M0,Newmarket,44.0433,-79.4912,3
550,988000,3,3,L3R 5C8,Markham,43.8479,-79.3288,1
552,1099000,3,4,L3S 3S9,Markham,43.8486,-79.2617,1
553,1299000,4,3,M4M 2M6,Toronto,43.6561,-79.3406,3
554,979900,5,2,M1J 1J0,Scarborough,43.7464,-79.2323,2
556,3999999,5,3,M2K 1W4,North York ,43.7797,-79.3813,1
557,2690000,6,4,M2N 4S3,Willowdale,43.7673,-79.4111,2
558,529000,2,1,L8E 6H2,Hamilton,43.2245,-79.6988,2
560,499900,2,2,M9M 0B7,North York ,43.7366,-79.5401,2
561,525000,1,1,L6Y 6H4,Brampton,43.6249,-79.7876,2
562,739990,2,2,M8V 1A2,Toronto,43.6075,-79.5013,1
563,499900,3,2,M9V 5C7,Etobicoke,43.7432,-79.5876,2
564,620000,3,3,M9B 6L5,Etobicoke,43.6505,-79.5517,1
565,499999,2,1,M1H 3B7,Scarborough,43.7686,-79.2389,1
566,599999,2,1,M5V 4B3,Toronto,43.6404,-79.3995,2
568,479900,1,1,M5A 0E9,Toronto,43.6555,-79.3626,2
569,3275000,2,2,M5R 1J3,Toronto,43.6736,-79.4035,2
570,699000,2,1,M2M 1A2,Willowdale,43.7915,-79.4103,2
571,548000,2,1,M6J 0A8,Toronto,43.648,-79.4177,3
572,938000,3,2,M5V 2V6,Toronto,43.6404,-79.3995,1
573,687500,1,1,M4P 1K5,Toronto,43.7135,-79.3887,3
574,908000,3,2,M5V 4A7,Toronto,43.6404,-79.3995,3
576,1299000,4,3,L0N 1M0,Dufferin County,44.0317,-80.2068,2
577,1499900,6,6,L9B 2N4,Hamilton,43.2055,-79.9004,1
578,725000,5,2,N1G 3R4,Guelph,43.5184,-80.2257,1
579,699900,4,3,N6P 0B6,London,42.8909,-81.3236,2
580,1099000,4,3,L3S 3K8,Markham,43.8486,-79.2617,1
581,699900,4,2,L9C 2B1,Hamilton,43.2313,-79.9049,2
583,599900,3,2,L9A 1C3,Hamilton,43.2271,-79.871,3
586,799900,8,6,P3C 2L7,Greater Sudbury ,46.5133,-81.0225,0
593,2747000,3,2,N3T 5M1,Brant,43.131,-80.3254,3
594,699900,6,3,L3C 7L7,Welland,42.9998,-79.2656,1
595,1050000,4,3,N2T 3A3,Waterloo,43.453,-80.5692,0
596,979900,9,6,P3C 3X8,Greater Sudbury ,46.5133,-81.0225,1
598,799900,3,2,L8K 5J4,Hamilton,43.2211,-79.7994,3
599,699000,5,2,L8T 1J4,Hamilton,43.2199,-79.8286,3
600,299000,3,2,P7A 0A4,Thunder Bay ,48.4601,-89.2035,1
601,620000,3,1,M9L 1G9,North York ,43.7598,-79.5565,3
603,599900,3,2,L2N 2Z7,St. Catharines ,43.1923,-79.2559,1
604,550000,5,3,L8L 5Y9,Hamilton,43.2783,-79.8344,3
605,699000,3,3,N2L 5P6,Waterloo,43.4715,-80.5454,3
606,799900,5,3,N1G 3R4,Guelph,43.5184,-80.2257,3
607,699900,3,2,L2M 1W3,St. Catharines ,43.196,-79.2161,3
608,449900,2,1,K9H 5J7,Peterborough,44.3245,-78.3184,3
609,749900,3,2,N2J 2K4,Waterloo,43.504,-80.5366,0
611,799900,6,3,N3T 1R6,Brant,43.131,-80.3254,2
612,1999900,5,4,L7R 1A3,Burlington,43.375,-79.8434,3
616,1899000,4,4,L5L 2B1,Mississauga,43.5373,-79.6903,1
617,1208000,3,3,L4Y 1A0,Mississauga,43.6028,-79.5929,2
619,1199000,6,4,L5K 1L2,Mississauga,43.5272,-79.6617,3
621,1289900,3,3,L6T 2C9,Brampton,43.7196,-79.6854,3
622,999900,4,3,L6S 3A3,Brampton,43.7379,-79.726,2
623,1099000,5,4,L6S 3R2,Brampton,43.7379,-79.726,2
624,1790000,5,5,L1N 3W4,Whitby,43.8721,-78.9273,3
625,849000,3,3,L6V 4L5,Brampton,43.7059,-79.7626,3
626,1050000,3,4,M6S,Toronto,43.6512,-79.4828,2
627,869000,3,3,L3C 3H1,Welland,42.9998,-79.2656,2
628,1659000,4,3,L7L 6W5,Burlington,43.3799,-79.7668,1
631,1225000,5,3,L6H 3H4,Oakville,43.4881,-79.7098,3
632,1299000,4,4,L5B 2M7,Mississauga,43.5771,-79.6306,3
633,1799000,5,4,L5N 7H5,Mississauga,43.5924,-79.7611,2
634,799900,3,2,L6S 1V8,Brampton,43.7379,-79.726,3
635,3900000,4,5,L7P 0J1,Burlington,43.3806,-79.886,3
636,2598000,5,4,L6H 7T5,Oakville,43.4881,-79.7098,3
637,899900,3,2,L9W 2W3,Orangeville,43.9702,-80.016,2
638,1390000,5,4,L5M 7L2,Mississauga,43.5637,-79.7202,1
639,968888,4,3,M9V 3W9,Etobicoke,43.7432,-79.5876,1
640,1339000,3,2,M8V 1K2,Toronto,43.6075,-79.5013,2
641,1088000,5,2,M9M 1S3,North York ,43.7366,-79.5401,0
642,1499900,4,3,L6R 3G2,Brampton,43.7592,-79.7605,1
643,899900,4,3,L6Z 0E4,Brampton,43.7328,-79.7953,1
644,1880000,5,4,L6H 7A2,Oakville,43.4881,-79.7098,0
647,1500000,4,3,L5A 2P1,Mississauga,43.5883,-79.6091,3
649,899000,4,4,L4N 1M1,Barrie,44.3572,-79.6929,2
653,999900,4,3,L4M 7J3,Barrie,44.4001,-79.6663,3
654,1199000,6,4,L4N 9M5,Barrie,44.3572,-79.6929,2
655,989000,4,4,L4N 9N7,Barrie,44.3572,-79.6929,2
658,699900,3,3,L2S 1S9,St. Catharines ,43.1447,-79.2634,2
660,2699000,5,5,L4C 2H4,Richmond Hill ,43.8669,-79.4414,1
662,1885000,4,3,L4E 1A5,Richmond Hill ,43.9394,-79.4349,1
663,1795000,3,3,L0L 2N0,Lake Simcoe ,44.4548,-79.7352,1
670,1599900,7,4,L4L 5J4,Woodbridge,43.8064,-79.5995,2
671,1199900,7,3,M8Z 1N5,Etobicoke,43.6256,-79.5231,3
678,799900,5,4,M1S 1J1,Scarborough,43.7946,-79.2644,1
679,749000,2,3,L1Z 0M6,Ajax,43.8773,-79.0055,0
680,1488000,6,5,L1L 1C4,Oshawa,43.9581,-78.8972,3
682,889000,3,2,L1G 6E2,Oshawa,43.9233,-78.8684,1
683,999900,6,2,L1N 3K4,Whitby,43.8721,-78.9273,3
684,1599000,4,4,M4K 1P6,Toronto,43.6803,-79.3538,3
685,988000,4,3,M1W 2S2,Scarborough,43.8016,-79.3216,2
686,899900,6,4,L1N 8M4,Whitby,43.8721,-78.9273,3
687,699900,4,2,L1J 2W3,Oshawa,43.8852,-78.8771,3
688,1288000,5,3,M1H 2P4,Scarborough,43.7686,-79.2389,3
689,899900,4,3,L1N 3K6,Whitby,43.8721,-78.9273,1
690,899900,4,4,M5V 2E2,Toronto,43.6404,-79.3995,1
691,1089000,3,2,M4C 3X9,East York ,43.6913,-79.3116,3
692,1050000,5,3,L1K 0G1,Oshawa,43.9251,-78.8287,3
693,899000,5,3,L1K 0C8,Oshawa,43.9251,-78.8287,3
694,899000,4,3,L1R 2S6,Whitby,43.9215,-78.9412,1
695,899999,3,5,L1X 2S9,Pickering,43.8558,-79.0972,2
696,829900,3,3,L1R 2K5,Whitby,43.9215,-78.9412,1
697,899900,4,3,L1R 2A1,Whitby,43.9215,-78.9412,1
698,699900,3,4,L1C 3K2,Bowmanville,43.9714,-78.7095,3
699,699900,3,3,L1R 2S6,Whitby,43.9215,-78.9412,2
700,2000000,2,2,M1M 2K8,Scarborough,43.7247,-79.2312,1
701,3599000,6,7,M2R 1Y8,Willowdale,43.7786,-79.445,3
702,5800000,7,7,M3C 2K9,Don Mills ,43.7334,-79.3329,2
703,4399000,5,7,M4N 2N4,Toronto,43.7301,-79.3935,2
704,1499000,5,2,M2R 2R1,Willowdale,43.7786,-79.445,1
705,999000,4,2,M1R 1T1,Scarborough,43.7507,-79.3003,2
706,899888,3,2,M2J 5B3,North York ,43.7801,-79.3479,2
707,2049000,3,4,M5S 1X4,Toronto,43.6629,-79.3987,2
709,999000,1,3,L3R 2G9,Markham,43.8479,-79.3288,2
713,620000,1,2,L8N 2Z1,Hamilton,43.4017,-80.017,1
714,329900,1,1,L2E 6C8,Niagara Falls ,43.0537,-79.1018,2
715,449900,1,1,N3T 5B1,Brant,43.131,-80.3254,2
717,699900,2,1,L5M 4G8,Mississauga,43.5637,-79.7202,2
719,529000,1,1,M6A 1B1,North York ,43.7223,-79.4504,1
720,899900,3,2,M8V 1A2,Toronto,43.6075,-79.5013,2
721,625000,2,2,L4Z 0A3,Mississauga,43.6192,-79.6538,2
722,299000,3,2,M3N 2S6,North York ,43.7568,-79.521,1
723,499900,1,1,M8Z 1R6,Etobicoke,43.6256,-79.5231,2
724,405000,2,1,L7P 0B4,Burlington,43.3806,-79.886,2
725,784000,2,2,M9A 1B4,Etobicoke,43.6662,-79.5282,1
726,799900,4,3,L6X 1N9,Brampton,43.6665,-79.8054,1
727,599000,3,2,M3J 1A7,North York ,43.7694,-79.4921,3
728,1250000,3,2,M6P,Toronto,43.6605,-79.4633,1
729,380000,3,1,M9W 6A6,Etobicoke,43.7144,-79.5909,3
730,524900,4,2,M9C 3S6,Etobicoke,43.6437,-79.5767,3
731,489000,1,1,M9C 0B1,Etobicoke,43.6437,-79.5767,3
732,939900,3,3,L5G 1K1,Mississauga,43.5647,-79.5852,3
733,619999,3,2,M9V 4P2,Etobicoke,43.7432,-79.5876,3
735,999999,4,4,L5W 1M1,Mississauga,43.6313,-79.7148,1
736,1025000,2,3,M8Y 4H5,Etobicoke,43.6325,-79.4939,1
737,899000,3,2,L5M 5E8,Mississauga,43.5637,-79.7202,2
738,589888,2,2,L5B 3C9,Mississauga,43.5771,-79.6306,1
739,630000,2,2,M9M 0B7,North York ,43.7366,-79.5401,0
740,574500,2,1,L5B 1T8,Mississauga,43.5771,-79.6306,3
741,599900,2,2,L4M 0J2,Barrie,44.4001,-79.6663,1
743,999000,3,3,M1N 1S2,Scarborough,43.6952,-79.2646,3
744,579000,2,2,L8R 1C4,Hamilton,43.2726,-79.8792,1
745,399900,3,2,L1J 3T9,Oshawa,43.8852,-78.8771,2
747,450000,2,1,M1E 4S6,Scarborough,43.7678,-79.1866,1
748,599000,2,2,M1P 0B2,Scarborough,43.7612,-79.2707,1
749,679900,3,2,L1N 9L6,Whitby,43.8721,-78.9273,3
750,699900,3,2,M2N 0G2,Willowdale,43.7673,-79.4111,1
753,539900,1,1,M1M 1V3,Scarborough,43.7247,-79.2312,2
755,589000,2,1,M2K 0B3,North York ,43.7797,-79.3813,2
756,699000,1,1,M5A 0L1,Toronto,43.6555,-79.3626,2
757,720000,2,2,M2J 1M4,North York ,43.7801,-79.3479,3
758,599000,2,1,M2J 0B3,North York ,43.7801,-79.3479,1
759,699880,3,2,M5V 4B3,Toronto,43.6404,-79.3995,1
760,619900,2,1,M5J 0E1,Toronto,43.623,-79.3936,3
761,888000,2,2,M5V 3H6,Toronto,43.6404,-79.3995,3
762,1190000,2,2,M5E 1J8,Toronto,43.6456,-79.3754,3
763,1088000,3,3,L1V 3R6,Pickering,43.8605,-79.1618,0
765,748888,3,2,P3C 1K3,Greater Sudbury ,46.5133,-81.0225,1
766,1389000,3,3,K7L 1N2,Kingston,44.2955,-76.428,3
767,899000,2,2,K8N 2Z2,Belleville,44.1735,-77.3684,1
768,2499000,6,9,N1G 3A2,Guelph,43.5184,-80.2257,3
769,399900,3,1,K1S 0C6,Ottawa,45.399,-75.6871,3
770,359900,4,1,P6A 2J8,Sault Ste. ,46.5168,-84.3333,1
771,899000,4,3,K1H 5M9,Ottawa,45.3876,-75.6593,3
772,649000,4,2,N2E 2G7,Kitchener,43.4106,-80.5011,3
773,739900,3,2,L2N 1V9,St. Catharines ,43.1923,-79.2559,2
774,649000,4,3,L8L 5V7,Hamilton,43.2783,-79.8344,0
775,575000,4,2,L2M 3A9,St. Catharines ,43.196,-79.2161,1
777,800000,4,3,L0K 2C0,Lake Simcoe ,44.6233,-79.1235,3
778,749900,4,3,N1R 5R5,Cambridge,43.3666,-80.2239,2
782,799900,3,3,L4Y 4E2,Mississauga,43.6028,-79.5929,3
784,638000,4,2,L2G 5Z3,Niagara Falls ,43.0696,-79.0818,3
785,829000,4,4,L3B 5N4,Welland,42.9878,-79.2219,1
787,719900,3,2,N1E 5G6,Guelph,43.5677,-80.2418,2
789,599000,3,2,M1J 1T3,Scarborough,43.7464,-79.2323,2
790,1790000,6,5,L2R 6P7,St. Catharines ,43.1419,-79.2966,3
791,549000,3,2,K1S 3V8,Ottawa,45.399,-75.6871,3
793,1650000,3,3,L8E 5K7,Hamilton,43.2245,-79.6988,1
795,1399900,4,4,L7M 1M2,Burlington,43.4342,-79.8701,0
796,999999,6,3,L6Z 1C7,Brampton,43.7328,-79.7953,3
797,799000,3,3,L3X 2K3,Newmarket,44.0433,-79.4912,3
798,2239000,4,5,M6S,Toronto,43.6512,-79.4828,2
799,999999,4,2,L5N 0G9,Mississauga,43.5924,-79.7611,3
800,949000,3,3,L6P 1A1,Brampton,43.7942,-79.7021,1
801,1699000,5,4,L6R 1J1,Brampton,43.7592,-79.7605,3
802,1799000,6,4,L6Y 0M4,Brampton,43.6249,-79.7876,2
803,899000,3,2,L5R 3B5,Mississauga,43.606,-79.6708,3
804,1099000,4,3,M3L 1C9,Downsview,43.7334,-79.5116,3
805,1899900,6,4,L5V 1G7,Mississauga,43.5972,-79.6931,1
806,1499000,3,1,L6L 2C3,Oakville,43.4032,-79.7186,3
807,899900,3,3,L6Z 2S8,Brampton,43.7328,-79.7953,0
808,1150000,3,3,L7L 0B9,Burlington,43.3799,-79.7668,3
809,1399000,5,4,L6X 3V2,Brampton,43.6665,-79.8054,1
810,2995000,6,2,L6P 0A2,Brampton,43.7942,-79.7021,0
812,1999999,4,3,L7P 0N2,Burlington,43.3806,-79.886,2
813,1829900,4,8,M6E 4Y2,York,43.6889,-79.4507,1
814,1829900,4,5,M6E 4Y2,York,43.6889,-79.4507,3
815,1198800,5,2,M8V 3N1,Toronto,43.6075,-79.5013,3
816,2200000,5,4,L6R 1W7,Brampton,43.7592,-79.7605,3
817,1799000,4,3,L6L 2B1,Oakville,43.4032,-79.7186,1
818,879900,3,2,P6A 3M7,Sault Ste. ,46.5168,-84.3333,3
819,1198000,4,2,M9R 1H1,Etobicoke,43.6898,-79.5582,2
820,1150000,3,3,L5L 4X9,Mississauga,43.5373,-79.6903,1
821,999900,2,1,M8V 2Z3,Toronto,43.6075,-79.5013,3
822,1599900,6,4,L5W 1M1,Mississauga,43.6313,-79.7148,1
823,1199000,4,2,M9C 3Z7,Etobicoke,43.6437,-79.5767,3
826,1998500,3,3,L6M 0B7,Oakville,43.4464,-79.7593,2
828,938900,3,2,L7L 4L8,Burlington,43.3799,-79.7668,3
829,1099000,4,2,M6E 1R6,York,43.6889,-79.4507,0
830,999000,4,2,M6N,York,43.6748,-79.4839,3
831,1299900,4,2,L7N 3L5,Burlington,43.3512,-79.784,1
832,1149000,5,2,L6S 3L5,Brampton,43.7379,-79.726,1
833,799900,5,2,M6R 2K6,Toronto,43.6469,-79.4521,3
836,849900,4,3,M1M 1T2,Scarborough,43.7247,-79.2312,2
837,949000,4,5,L9W 0V1,Orangeville,43.9702,-80.016,3
838,999900,4,3,L4M 2E7,Barrie,44.4001,-79.6663,3
840,999999,4,3,N2G 4E3,Kitchener,43.4443,-80.4891,1
841,749900,3,3,L4N 9J0,Barrie,44.3572,-79.6929,1
842,999999,3,3,L4N 9N7,Barrie,44.3572,-79.6929,1
843,2495000,2,1,M2N 1E8,Willowdale,43.7673,-79.4111,1
844,699900,3,2,L4N 5G4,Barrie,44.3572,-79.6929,1
847,899900,3,3,L4N 7Y3,Barrie,44.3572,-79.6929,1
848,949000,3,3,L4N 8G1,Barrie,44.3572,-79.6929,0
849,1079900,3,3,L4L 7N7,Woodbridge,43.8064,-79.5995,2
853,849000,5,2,L3Y 2Y7,Newmarket,44.0565,-79.4555,1
854,1188000,2,2,L6C 2Z8,Markham,43.9045,-79.3392,0
857,1250000,3,2,L2N 4W1,St. Catharines ,43.1923,-79.2559,3
859,1849888,5,4,L4H 3A2,Woodbridge,43.8432,-79.5644,0
864,1499000,4,3,L3X 1H8,Newmarket,44.0433,-79.4912,3
865,999000,3,4,L3Y 8S1,Newmarket,44.0565,-79.4555,1
866,998000,3,4,M1W 3M9,Scarborough,43.8016,-79.3216,1
867,1100000,4,4,L1P 1J1,Whitby,43.8866,-78.975,3
868,1139000,3,2,M4L 1Z6,Toronto,43.6693,-79.3155,1
869,785000,3,2,L1C 3Y8,Bowmanville,43.9714,-78.7095,2
870,999999,5,3,L1W 2K2,Pickering,43.8197,-79.0803,3
871,750000,3,3,L1P 1P7,Whitby,43.8866,-78.975,3
872,749900,3,3,L1N 0H1,Whitby,43.8721,-78.9273,2
873,1399000,4,3,M4M 2A1,Toronto,43.6561,-79.3406,1
874,1349888,4,4,L1T 4N1,Ajax,43.8843,-79.0534,1
875,1400000,5,4,L1Z 1H1,Ajax,43.8773,-79.0055,2
876,1099000,3,2,M4L 1V3,Toronto,43.6693,-79.3155,2
877,999000,3,1,M4J 3G4,Toronto,43.6872,-79.3368,3
878,899000,4,3,L1S 6S2,Ajax,43.8404,-79.0251,1
879,1299900,5,4,M1C 1K9,Scarborough,43.7878,-79.1564,2
880,1475000,3,3,M1M 1A3,Scarborough,43.7247,-79.2312,2
881,599999,3,2,M4L 1Y7,Toronto,43.6693,-79.3155,2
882,999000,4,3,L1G 7Y6,Oshawa,43.9233,-78.8684,1
883,949900,5,2,L1C 5B8,Bowmanville,43.9714,-78.7095,2
884,499900,2,1,L1H 2C6,Oshawa,43.9721,-78.8837,2
885,1000000,4,3,L5M 6R8,Mississauga,43.5637,-79.7202,1
886,1089000,4,3,L1N 3K6,Whitby,43.8721,-78.9273,1
888,649900,3,2,L1J 1G5,Oshawa,43.8852,-78.8771,2
889,849000,3,2,M5G 1C7,Toronto,43.6564,-79.386,2
890,668000,3,1,L1G 2C4,Oshawa,43.9233,-78.8684,2
891,899000,4,4,L1C 5J6,Bowmanville,43.9714,-78.7095,2
892,1088888,4,3,M1W 3R6,Scarborough,43.8016,-79.3216,2
893,998000,3,2,M1P 4N7,Scarborough,43.7612,-79.2707,2
894,599900,3,1,L7R 2X2,Burlington,43.375,-79.8434,2
895,1799000,4,4,M4J 3P8,Toronto,43.6872,-79.3368,1
896,749000,3,3,L1P 1M1,Whitby,43.8866,-78.975,2
897,579900,3,1,L1B 1H1,Bowmanville,43.9235,-78.5457,2
898,829000,3,3,N5P 2A6,St. Thomas ,42.7779,-81.1769,2
899,699900,3,2,L1C 0A1,Bowmanville,43.9714,-78.7095,2
900,1199000,5,4,L1V 6W7,Pickering,43.8605,-79.1618,3
901,2288000,4,3,M2K 1W4,North York ,43.7797,-79.3813,1
902,6490000,6,9,M2P 2E3,North York ,43.75,-79.3978,1
904,575000,2,2,N1R 3H3,Cambridge,43.3666,-80.2239,1
905,789000,2,2,L5M 4G8,Mississauga,43.5637,-79.7202,1
906,419900,1,1,L5M 7M4,Mississauga,43.5637,-79.7202,3
907,449999,3,2,M9W 3W7,Etobicoke,43.7144,-79.5909,1
908,589900,2,1,L7L 7L6,Burlington,43.3799,-79.7668,1
909,1250000,2,2,M8V 1A2,Toronto,43.6075,-79.5013,1
910,949999,4,3,L6R 2W8,Brampton,43.7592,-79.7605,3
911,799000,4,2,M3M 2W9,Downsview,43.7319,-79.4928,1
912,570000,3,2,M9V 3A8,Etobicoke,43.7432,-79.5876,1
913,819900,2,2,L9W 3N8,Orangeville,43.9702,-80.016,3
914,569000,1,1,L5B 0A1,Mississauga,43.5771,-79.6306,3
915,599999,2,1,M9B 2R5,Etobicoke,43.6505,-79.5517,1
916,249900,1,1,M9R 3T9,Etobicoke,43.6898,-79.5582,1
919,510000,2,1,L6T 5P1,Brampton,43.7196,-79.6854,3
920,799000,2,2,L6H 0G6,Oakville,43.4881,-79.7098,1
921,759000,3,2,M6N,York,43.6748,-79.4839,0
922,499000,1,1,L5B 1M5,Mississauga,43.5771,-79.6306,3
923,649000,3,2,L4Z 3M2,Mississauga,43.6192,-79.6538,1
924,649000,3,2,L4M 3A0,Barrie,44.4001,-79.6663,1
925,449000,2,1,N7V 2A9,Sarnia,42.9998,-82.3926,1
928,950000,3,2,N6B 2N5,London,42.9835,-81.2386,1
929,699900,3,2,L1S 7N6,Ajax,43.8404,-79.0251,3
930,670000,2,2,M1P 2W1,Scarborough,43.7612,-79.2707,1
931,579900,3,2,M1E 4S6,Scarborough,43.7678,-79.1866,3
932,799000,4,3,L1L 0R1,Oshawa,43.9581,-78.8972,3
933,725000,2,1,L1V 2W8,Pickering,43.8605,-79.1618,3
934,1525000,2,2,M4L 1P3,Toronto,43.6693,-79.3155,0
935,1239900,3,2,M4L 2C2,Toronto,43.6693,-79.3155,3
936,695000,2,1,L7P 4C3,Burlington,43.3806,-79.886,3
937,650000,3,3,L1W 1J6,Pickering,43.8197,-79.0803,3
938,1549900,2,2,M4L 1P3,Toronto,43.6693,-79.3155,1
939,399900,1,1,M4C 5M9,East York ,43.6913,-79.3116,1
941,729000,2,1,M5V 3N1,Toronto,43.6404,-79.3995,3
942,525000,1,1,L3Y 4V9,Newmarket,44.0565,-79.4555,3
943,979000,3,2,M5V 2Y3,Toronto,43.6404,-79.3995,1
944,499000,1,1,M6K 3R9,Toronto,43.6383,-79.4301,1
946,548000,1,1,N1E 0H9,Guelph,43.5677,-80.2418,2
947,1488000,2,2,M5H 3W4,Toronto,43.6496,-79.3833,1
948,899000,3,2,M5J 0E1,Toronto,43.623,-79.3936,2
949,788800,2,2,N6A 3E6,London,42.9976,-81.2563,3
950,779000,2,1,M5G 1P7,Toronto,43.6564,-79.386,1
951,699900,1,1,M5C 3G7,Toronto,43.6513,-79.3756,0
952,838800,2,1,L8R 2Y6,Hamilton,43.2726,-79.8792,0
954,629000,2,1,M5A 2E7,Toronto,43.6555,-79.3626,2
955,599000,2,2,M6K 0A5,Toronto,43.6383,-79.4301,1
956,609880,2,1,L1H 3M2,Oshawa,43.9721,-78.8837,0
957,999913,5,3,L2H 1H3,Niagara Falls ,43.1009,-79.1379,2
958,825000,2,2,N1E 5H5,Guelph,43.5677,-80.2418,2
959,1199900,3,4,L6H 7A2,Oakville,43.4881,-79.7098,1
960,2388800,5,5,L6X 0B3,Brampton,43.6665,-79.8054,2
961,699000,3,3,L6S 1G3,Brampton,43.7379,-79.726,1
962,1299000,6,4,M3L 1C9,Downsview,43.7334,-79.5116,3
963,1288999,3,4,L6P 2L7,Brampton,43.7942,-79.7021,3
964,1699000,5,4,L4N 7Y3,Barrie,44.3572,-79.6929,3
966,1680000,4,4,L4E 0C9,Richmond Hill ,43.9394,-79.4349,2
970,1688800,7,4,L3S 3B8,Markham,43.8486,-79.2617,2
973,1899000,6,4,L3X 1S3,Newmarket,44.0433,-79.4912,2
975,1190000,3,3,L4S 1N5,Richmond Hill ,43.8985,-79.4143,1
976,1199000,4,4,L3X 2K3,Newmarket,44.0433,-79.4912,1
977,1688000,6,4,L4S 1A2,Richmond Hill ,43.8985,-79.4143,1
980,699900,3,3,L7R 1T8,Burlington,43.375,-79.8434,3
982,950000,3,3,L1J 3J0,Oshawa,43.8852,-78.8771,1
983,799000,4,3,L1G 6X4,Oshawa,43.9233,-78.8684,3
984,799900,3,3,L1C 0E2,Bowmanville,43.9714,-78.7095,2
985,998888,3,2,L1H 7J2,Oshawa,43.9721,-78.8837,2
986,999000,3,3,M1V 4E7,Scarborough,43.8177,-79.2819,3
987,1198800,5,6,M1W 3M9,Scarborough,43.8016,-79.3216,1
988,669900,4,1,L1H 3S6,Oshawa,43.9721,-78.8837,3
989,799000,2,2,L1K 1M2,Oshawa,43.9251,-78.8287,2
990,899000,3,3,M9C 5S3,Etobicoke,43.6437,-79.5767,1
991,799000,3,4,L5M 5G8,Mississauga,43.5637,-79.7202,2
993,599000,1,1,M4P 2C9,Toronto,43.7135,-79.3887,3
994,658000,2,1,M5A 4M5,Toronto,43.6555,-79.3626,3
995,699999,3,3,M2N 2J2,Willowdale,43.7673,-79.4111,2
996,579900,1,2,M6K 3R9,Toronto,43.6383,-79.4301,2
997,660000,2,1,M5V 2V6,Toronto,43.6404,-79.3995,2
998,699999,1,1,M6C 1W4,York,43.6915,-79.4307,2
1000,849900,3,3,N1E 4M9,Guelph,43.5677,-80.2418,2
1001,699900,3,3,L2H 0Z2,Niagara Falls ,43.1009,-79.1379,2
1002,1197000,4,3,L8K 6N3,Hamilton,43.2211,-79.7994,2
1003,1699900,7,4,L6R 0M5,Brampton,43.7592,-79.7605,3
1004,999000,3,4,L6Z 4N2,Brampton,43.7328,-79.7953,2
1005,849500,4,2,L6T 1L7,Brampton,43.7196,-79.6854,2
1007,2388000,3,5,M6H 2M1,Toronto,43.6655,-79.4378,1
1008,949900,3,4,L5N 6X3,Mississauga,43.5924,-79.7611,2
1009,3199000,4,6,L5H 4L8,Mississauga,43.5419,-79.6164,1
1010,999000,3,4,L6R 2G3,Brampton,43.7592,-79.7605,2
1011,1998000,5,4,L5L 2Z5,Mississauga,43.5373,-79.6903,2
1012,1649999,5,4,L6P 1A1,Brampton,43.7942,-79.7021,3
1013,649900,3,3,L4N 6A9,Barrie,44.3572,-79.6929,3
1014,899900,5,4,L0K 1E0,Lake Simcoe ,44.6233,-79.1235,3
1015,1288000,5,3,L6S 3L6,Brampton,43.7379,-79.726,0
1016,2698999,6,3,L4N 8A8,Barrie,44.3572,-79.6929,1
1017,2095000,4,3,L4H 1W9,Woodbridge,43.8432,-79.5644,1
1019,3088000,4,5,L4E 4X5,Richmond Hill ,43.9394,-79.4349,1
1020,1299888,4,4,L3P 3J3,Markham,43.8769,-79.2686,0
1022,1389000,4,2,L4C 4P7,Richmond Hill ,43.8669,-79.4414,2
1024,1399900,4,4,L1Z 0M6,Ajax,43.8773,-79.0055,1
1025,799000,3,3,L1N 8M4,Whitby,43.8721,-78.9273,1
1026,1699900,4,3,L1C 2W4,Bowmanville,43.9714,-78.7095,2
1027,1099900,4,4,L1R 2X0,Whitby,43.9215,-78.9412,2
1028,1650000,2,1,M4Y 2H2,Toronto,43.6656,-79.383,2
1029,7880000,6,5,M3C 2K9,Don Mills ,43.7334,-79.3329,1
1030,639700,2,3,P3Y 1H6,Greater Sudbury ,46.4431,-81.127,1
1031,799800,3,3,N1R 2J2,Cambridge,43.3666,-80.2239,0
1032,499000,1,1,L5B 1T8,Mississauga,43.5771,-79.6306,1
1034,399000,2,1,M2N 0G2,Willowdale,43.7673,-79.4111,3
1035,799900,3,2,M1P 0B2,Scarborough,43.7612,-79.2707,1
1037,1200000,3,3,M1M 1V3,Scarborough,43.7247,-79.2312,2
1038,599000,1,1,M5V 0G7,Toronto,43.6404,-79.3995,3
1040,999900,2,1,L7R 1A2,Burlington,43.375,-79.8434,3
1041,969900,3,3,N1H 1G7,Guelph,43.5588,-80.3004,1
1046,699900,3,2,N2B 1E3,Kitchener,43.4646,-80.4467,3
1047,1099000,3,3,L8T 3M9,Hamilton,43.2199,-79.8286,3
1048,1490000,5,2,L8V 4B6,Hamilton,43.2266,-79.8499,2
1050,1249900,5,4,L3C 1M3,Welland,42.9998,-79.2656,3
1051,599000,3,1,N1R 5B4,Cambridge,43.3666,-80.2239,3
1053,1399999,5,5,N3H 5L8,Cambridge,43.4267,-80.3699,1
1054,799900,4,3,M5J 2G2,Toronto,43.623,-79.3936,3
1056,1100000,4,3,L9K 1S3,Ancaster,43.225,-79.9427,3
1057,569000,4,2,K7L 3W3,Kingston,44.2955,-76.428,1
1058,1499900,3,2,K0H 1K0,Frontenac County,44.7208,-76.8334,3
1060,524900,2,1,K0L 1E0,Peterborough County,44.7767,-77.9687,3
1061,649900,3,2,N1E 2A8,Guelph,43.5677,-80.2418,0
1064,929000,3,3,P3E 5J4,Greater Sudbury ,46.2676,-80.9063,0
1066,795000,3,2,L8V 4B6,Hamilton,43.2266,-79.8499,1
1068,1500000,6,4,L6Y 4G1,Brampton,43.6249,-79.7876,3
1069,1099000,5,4,K1G 5R8,Ottawa,45.3548,-75.5773,1
1071,1250000,3,2,L7P 2J3,Burlington,43.3806,-79.886,3
1072,1449000,4,4,L6H 3N7,Oakville,43.4881,-79.7098,2
1073,2688000,9,6,M8V 3M1,Toronto,43.6075,-79.5013,1
1075,1599000,5,3,L4T 3V9,Mississauga,43.7139,-79.6434,3
1076,999000,3,2,M6S,Toronto,43.6512,-79.4828,2
1078,809900,3,3,L9W 4X9,Orangeville,43.9702,-80.016,2
1079,1599900,6,6,L6R 0R4,Brampton,43.7592,-79.7605,0
1080,1699000,5,5,M9C 4R3,Etobicoke,43.6437,-79.5767,0
1081,1049000,4,4,L6P 2X4,Brampton,43.7942,-79.7021,0
1082,799000,3,2,L6M 0R4,Oakville,43.4464,-79.7593,1
1083,899000,3,2,M9V 2E3,Etobicoke,43.7432,-79.5876,0
1085,899000,5,3,M6N,York,43.6748,-79.4839,1
1086,1349000,3,3,L6H 5Z8,Oakville,43.4881,-79.7098,3
1087,1150000,4,3,L6S 3E3,Brampton,43.7379,-79.726,1
1089,1899000,4,3,L6L 6A4,Oakville,43.4032,-79.7186,3
1091,1499000,5,4,L6R 3S7,Brampton,43.7592,-79.7605,3
1093,1299000,5,4,L6Y 5P2,Brampton,43.6249,-79.7876,1
1094,1199900,4,2,L7N 3L5,Burlington,43.3512,-79.784,3
1095,1499000,3,2,M6P,Toronto,43.6605,-79.4633,2
1096,1377700,4,3,M6L 3E2,North York ,43.7137,-79.4869,2
1097,899000,3,3,L6X 4K9,Brampton,43.6665,-79.8054,2
1098,2999900,10,6,M8V 1H5,Toronto,43.6075,-79.5013,1
1099,1599000,6,5,L4M 4Y8,Barrie,44.4001,-79.6663,2
1100,1995000,3,3,L5E 1L8,Mississauga,43.5836,-79.561,2
1101,649900,3,2,L8V 4H9,Hamilton,43.2266,-79.8499,2
1102,899999,3,3,N1E 7L4,Guelph,43.5677,-80.2418,2
1103,899999,3,3,N1E 7L4,Guelph,43.5677,-80.2418,2
1104,549000,3,2,L4L 9E1,Woodbridge,43.8064,-79.5995,2
1105,939900,3,3,N4S 7Y3,Woodstock,43.1432,-80.7338,2
1106,799900,4,2,L4M 2E9,Barrie,44.4001,-79.6663,2
1107,669999,2,1,L4M 4Y8,Barrie,44.4001,-79.6663,2
1108,3188000,6,7,M5R 1X9,Toronto,43.6736,-79.4035,2
1114,1249990,2,2,L0E 1R0,Lake Simcoe ,44.3199,-79.2778,1
1117,3888888,5,6,L3R 2B3,Markham,43.8479,-79.3288,1
1119,1688000,6,6,L6E 1T5,Markham,43.9002,-79.2676,1
1120,999000,4,4,L3X 2X1,Newmarket,44.0433,-79.4912,2
1121,1180000,4,3,L3X 1R1,Newmarket,44.0433,-79.4912,1
1124,1988000,6,4,L4C 3T9,Richmond Hill ,43.8669,-79.4414,2
1127,1588000,4,4,L6X 0Z3,Brampton,43.6665,-79.8054,1
1128,749000,5,2,L1H 6E4,Oshawa,43.9721,-78.8837,2
1129,1249000,4,4,M4M 2G9,Toronto,43.6561,-79.3406,2
1130,990000,4,3,M1E 2J3,Scarborough,43.7678,-79.1866,1
1131,999000,2,1,M4C 1M9,East York ,43.6913,-79.3116,1
1132,1499900,4,4,L1K 0S7,Oshawa,43.9251,-78.8287,1
1133,1289000,4,3,M4J 1K5,Toronto,43.6872,-79.3368,1
1134,699000,4,3,L1L 1C4,Oshawa,43.9581,-78.8972,0
1135,999990,5,5,L1V 2P8,Pickering,43.8605,-79.1618,1
1136,849999,5,3,L1W 2K2,Pickering,43.8197,-79.0803,0
1137,569900,4,2,L1H 2C6,Oshawa,43.9721,-78.8837,2
1138,799000,2,2,M4C 5K6,East York ,43.6913,-79.3116,1
1139,999000,4,2,M1H 1H1,Scarborough,43.7686,-79.2389,2
1140,1799000,5,4,L1W 1J6,Pickering,43.8197,-79.0803,2
1141,849000,4,3,L1P 1J1,Whitby,43.8866,-78.975,2
1142,1499000,4,3,M2R 2R1,Willowdale,43.7786,-79.445,0
1144,1388000,6,2,M2M 2S5,Willowdale,43.7915,-79.4103,2
1146,1088000,3,2,M6C 2R1,York,43.6915,-79.4307,0
1147,419990,1,1,N3T 3V5,Brant,43.131,-80.3254,2
1149,965000,3,2,L6L 3B6,Oakville,43.4032,-79.7186,2
1150,749000,3,3,L5A 3M9,Mississauga,43.5883,-79.6091,0
1151,498900,2,1,L7P 0B4,Burlington,43.3806,-79.886,1
1152,899000,3,3,L5K 2K7,Mississauga,43.5272,-79.6617,3
1153,898888,2,2,M8V 1A2,Toronto,43.6075,-79.5013,3
1154,549900,1,1,M9A 4Y1,Etobicoke,43.6662,-79.5282,1
1155,849900,4,3,L6Y 3M9,Brampton,43.6249,-79.7876,1
1156,989000,2,2,M8V 1A2,Toronto,43.6075,-79.5013,3
1157,799900,3,2,L5J 4S8,Mississauga,43.5102,-79.6296,2
1158,549900,1,1,L5B 0A1,Mississauga,43.5771,-79.6306,2
1161,749000,3,2,L4B 4V9,Richmond Hill ,43.8582,-79.3985,3
1162,888888,2,2,M1N 1S2,Scarborough,43.6952,-79.2646,3
1164,939900,4,4,N1S 1A9,Cambridge,43.3592,-80.3347,2
1165,699000,2,2,L3P 7P0,Markham,43.8769,-79.2686,2
1167,499999,2,1,M1P 4N7,Scarborough,43.7612,-79.2707,2
1168,899900,2,2,M5A 3H6,Toronto,43.6555,-79.3626,1
1170,849900,2,2,M2N 0C2,Willowdale,43.7673,-79.4111,3
1171,699900,2,1,N6A 1C5,London,42.9976,-81.2563,2
1172,619000,2,1,M5B 2L1,Toronto,43.6572,-79.3783,3
1173,649000,2,2,M2N 7J1,Willowdale,43.7673,-79.4111,1
1174,398888,2,1,M3A 3R1,North York ,43.7545,-79.33,2
1175,678888,3,2,M2K 0A4,North York ,43.7797,-79.3813,2
1177,1599900,2,3,L4N 3K6,Barrie,44.3572,-79.6929,2
1179,1188800,4,3,M2N 4S5,Willowdale,43.7673,-79.4111,2
1180,1029900,2,2,M5V 3L9,Toronto,43.6404,-79.3995,1
1181,599900,1,1,M2N 0C2,Willowdale,43.7673,-79.4111,2
1182,1048000,3,2,M2N 5R6,Willowdale,43.7673,-79.4111,2
1183,739000,2,2,M4S 2H3,Toronto,43.702,-79.3853,1
1184,599800,2,1,M5V 2V6,Toronto,43.6404,-79.3995,0
1185,499000,1,1,M5V 0G7,Toronto,43.6404,-79.3995,3
1186,745000,2,2,M2J 1M4,North York ,43.7801,-79.3479,1
1187,549000,1,1,M5V 1A9,Toronto,43.6404,-79.3995,1
1188,999000,1,2,M5V 2V5,Toronto,43.6404,-79.3995,0
1190,499900,1,1,M6J 0A9,Toronto,43.648,-79.4177,3
1191,699000,5,2,M5T 2E9,Toronto,43.6541,-79.3978,1
1193,1389000,5,4,L9K 0C3,Ancaster,43.225,-79.9427,2
1194,1100000,5,4,L9B 2X5,Hamilton,43.2055,-79.9004,2
1195,399900,2,1,K7L 4V3,Kingston,44.2955,-76.428,1
1196,1000000,6,5,N2A 2C4,Kitchener,43.4413,-80.4246,3
1197,599000,4,2,K7M 2J9,Kingston,44.2411,-76.5788,0
1199,799999,4,2,L8K 1V8,Hamilton,43.2211,-79.7994,2
1200,799999,3,3,N3C 0G1,Cambridge,43.4389,-80.2649,3
1201,599500,3,2,L8T 4Y4,Hamilton,43.2199,-79.8286,1
1203,885000,3,2,L8T 4Y4,Hamilton,43.2199,-79.8286,3
1208,599999,4,2,L2E 2E8,Niagara Falls ,43.0537,-79.1018,1
1210,1699000,6,4,N1G,Guelph,43.5184,-80.2257,1
1211,899900,2,3,K7L 3M6,Kingston,44.2955,-76.428,1
1213,799999,3,1,L9C 1N4,Hamilton,43.2313,-79.9049,1
1215,599900,4,2,P3L 1T7,Greater Sudbury ,46.5942,-80.85,0
1216,1479000,6,5,L7L 0B9,Burlington,43.3799,-79.7668,3
1217,1128800,4,3,L5C 3V9,Mississauga,43.5624,-79.6504,0
1218,999888,4,5,L6M 0M1,Oakville,43.4464,-79.7593,1
1219,899999,8,2,M6N,York,43.6748,-79.4839,3
1220,1599000,5,4,M8X 2Y4,Etobicoke,43.6518,-79.5076,1
1221,750000,3,1,L6S 1B6,Brampton,43.7379,-79.726,3
1222,1199900,3,3,L6H 6K7,Oakville,43.4881,-79.7098,1
1223,1200000,6,4,M6R 1A6,Toronto,43.6469,-79.4521,1
1224,899000,4,3,L6Z 1C7,Brampton,43.7328,-79.7953,3
1225,1249000,3,3,L4X 1V5,Mississauga,43.6178,-79.5786,0
1226,1300000,4,2,L5K 1M1,Mississauga,43.5272,-79.6617,3
1227,999000,3,4,L6H 5X5,Oakville,43.4881,-79.7098,0
1230,1589000,6,3,L5B 1K8,Mississauga,43.5771,-79.6306,2
1232,1699000,4,3,L5J 1Y8,Mississauga,43.5102,-79.6296,0
1234,2398000,5,3,L5K 2T0,Mississauga,43.5272,-79.6617,2
1235,1149000,5,4,L6P 3V8,Brampton,43.7942,-79.7021,1
1236,1749000,5,4,L6H 4L5,Oakville,43.4881,-79.7098,2
1238,1249900,4,3,L6P 1A1,Brampton,43.7942,-79.7021,2
1241,1099000,4,4,L6V 4T3,Brampton,43.7059,-79.7626,1
1243,2899000,5,5,M8W 2B3,Etobicoke,43.6021,-79.5402,3
1244,1099000,5,4,M8V 1H5,Toronto,43.6075,-79.5013,2
1245,999990,5,3,L6T 2Y9,Brampton,43.7196,-79.6854,2
1247,975000,4,4,L4N 6A3,Barrie,44.3572,-79.6929,2
1248,750000,6,3,L4N 5H7,Barrie,44.3572,-79.6929,2
1249,999000,3,6,L0L 1X1,Lake Simcoe ,44.4548,-79.7352,2
1251,595000,4,2,N2B 2X5,Kitchener,43.4646,-80.4467,2
1252,699900,4,2,L4N 8V5,Barrie,44.3572,-79.6929,1
1253,879900,3,3,L4M 4H5,Barrie,44.4001,-79.6663,2
1255,799900,4,2,L4N 8E1,Barrie,44.3572,-79.6929,3
1260,899000,3,2,K9H 3P5,Peterborough,44.3245,-78.3184,3
1261,1499900,4,5,K2J 2T2,Nepean,45.2691,-75.7518,2
1263,1100000,5,2,L3Y 7R5,Newmarket,44.0565,-79.4555,1
1267,1499000,4,2,L4S 1N5,Richmond Hill ,43.8985,-79.4143,0
1268,1388000,6,3,L3S 1R4,Markham,43.8486,-79.2617,3
1271,1798888,4,3,L4H 3J8,Woodbridge,43.8432,-79.5644,0
1272,1299000,2,1,K6H 1B2,Cornwall,45.0565,-74.6852,1
1273,1549000,4,3,L3P 4B5,Markham,43.8769,-79.2686,0
1274,1288000,4,5,L4E 4X5,Richmond Hill ,43.9394,-79.4349,2
1276,1288000,4,4,L4E 3B5,Richmond Hill ,43.9394,-79.4349,1
1277,999900,3,3,L3Y 0A3,Newmarket,44.0565,-79.4555,0
1278,619900,3,1,P6A 3Z5,Sault Ste. ,46.5168,-84.3333,0
1279,1399000,4,4,L1L 0R1,Oshawa,43.9581,-78.8972,3
1280,1450000,7,4,L1V 1J6,Pickering,43.8605,-79.1618,2
1281,899000,3,1,M4J 1M6,Toronto,43.6872,-79.3368,3
1282,999000,4,2,M4M 1L7,Toronto,43.6561,-79.3406,1
1283,649900,5,2,L1H 6C9,Oshawa,43.9721,-78.8837,3
1284,999999,4,2,M1R 2R9,Scarborough,43.7507,-79.3003,1
1285,1399000,3,3,L8L 4J5,Hamilton,43.2783,-79.8344,3
1286,1099000,4,4,L1C 3K2,Bowmanville,43.9714,-78.7095,2
1287,1249000,3,2,M4C 2C3,East York ,43.6913,-79.3116,1
1288,1199900,4,3,M4C 2V2,East York ,43.6913,-79.3116,3
1289,1188000,3,2,M1R 2L2,Scarborough,43.7507,-79.3003,2
1291,999000,4,2,L1W 1W7,Pickering,43.8197,-79.0803,2
1292,999000,5,2,L1S 6C9,Ajax,43.8404,-79.0251,1
1293,1249000,3,3,L1V 2W8,Pickering,43.8605,-79.1618,2
1294,998000,4,2,M5A 3E7,Toronto,43.6555,-79.3626,2
1295,1099000,5,2,M6G 1L6,Toronto,43.6683,-79.4205,2
1296,2988000,5,7,M2M 1V5,Willowdale,43.7915,-79.4103,2
1297,2995000,7,4,M5A 1Z9,Toronto,43.6555,-79.3626,2
1298,1399000,5,2,M2N 2B9,Willowdale,43.7673,-79.4111,3
1299,789000,3,3,N1L 1R3,Guelph,43.516,-80.19,2
1300,689900,2,2,K1N 0A9,Ottawa,45.4289,-75.6844,3
1301,749900,2,2,L5G 4V6,Mississauga,43.5647,-79.5852,2
1302,999900,3,2,L5W 1L9,Mississauga,43.6313,-79.7148,2
1303,999000,3,3,M6P,Toronto,43.6605,-79.4633,1
1304,659900,2,1,L5B 3R2,Mississauga,43.5771,-79.6306,3
1305,599000,2,2,M8Z 1R6,Etobicoke,43.6256,-79.5231,3
1306,699900,2,2,M9M 0B7,North York ,43.7366,-79.5401,3
1307,599900,1,1,L5B 4M6,Mississauga,43.5771,-79.6306,3
1308,640000,2,2,M9B 2R5,Etobicoke,43.6505,-79.5517,2
1309,499000,1,1,M6N,York,43.6748,-79.4839,0
1310,897700,1,1,M6R 2G6,Toronto,43.6469,-79.4521,0
1311,779888,2,2,L7L 0G2,Burlington,43.3799,-79.7668,1
1312,699900,3,2,L5N 2S1,Mississauga,43.5924,-79.7611,3
1313,379000,1,1,L7R 1J2,Burlington,43.375,-79.8434,1
1316,639999,2,1,L4L 8C3,Woodbridge,43.8064,-79.5995,3
1317,658000,2,2,M9L 1C8,North York ,43.7598,-79.5565,3
1319,599000,3,3,M1E 4C7,Scarborough,43.7678,-79.1866,1
1320,779000,3,2,L7P 4C3,Burlington,43.3806,-79.886,3
1321,499900,2,2,L1S 1N4,Ajax,43.8404,-79.0251,1
1322,438000,2,1,M4C 5M9,East York ,43.6913,-79.3116,1
1323,615000,3,2,M1H 3H8,Scarborough,43.7686,-79.2389,3
1324,679000,3,2,M1B 1M5,Scarborough,43.8113,-79.193,2
1326,850000,2,1,M5V 0C8,Toronto,43.6404,-79.3995,2
1327,2685000,3,3,M5R 1C1,Toronto,43.6736,-79.4035,1
1329,6600000,3,3,K1N 5K4,Ottawa,45.4289,-75.6844,1
1331,499900,1,1,M5V 0G7,Toronto,43.6404,-79.3995,2
1332,800000,2,2,M6C 1A6,York,43.6915,-79.4307,3
1333,599900,2,1,M2M 1A2,Willowdale,43.7915,-79.4103,3
1334,1199000,3,2,M9R 3V7,Etobicoke,43.6898,-79.5582,2
1335,899000,3,2,M6P,Toronto,43.6605,-79.4633,0
1336,599000,2,1,M2N 3Y2,Willowdale,43.7673,-79.4111,3
1337,950000,2,2,M4T 2B4,Toronto,43.6899,-79.3853,0
1338,424900,2,1,M3A 3R1,North York ,43.7545,-79.33,0
1339,525000,1,1,M6K 3P8,Toronto,43.6383,-79.4301,1
1340,1189000,2,2,L8M 1W7,Hamilton,43.2441,-79.8359,2
1341,1670000,3,2,M5V 1M7,Toronto,43.6404,-79.3995,2
1342,799000,5,2,N9G 3G5,Windsor,42.2481,-82.9952,1
1344,999999,4,2,M9A 1N4,Etobicoke,43.6662,-79.5282,2
1345,1399000,6,3,M8Y 4H5,Etobicoke,43.6325,-79.4939,2
1346,1090000,4,2,L6T 1V9,Brampton,43.7196,-79.6854,2
1348,1699000,5,5,L4S 2P1,Richmond Hill ,43.8985,-79.4143,0
1349,1599000,4,3,L3X 2T1,Newmarket,44.0433,-79.4912,1
1352,998000,3,3,L6E 0H0,Markham,43.9002,-79.2676,3
1354,1388000,4,3,M1W 2A3,Scarborough,43.8016,-79.3216,1
1355,899888,4,3,L2H 0K2,Niagara Falls ,43.1009,-79.1379,2
1356,1198999,4,4,M1C 3L6,Scarborough,43.7878,-79.1564,2
1357,1988000,6,4,M2M 2T2,Willowdale,43.7915,-79.4103,0
1358,780000,1,1,M5J,Toronto,43.623,-79.3936,3
1359,499900,1,1,M2N 0G2,Willowdale,43.7673,-79.4111,2
1360,609900,3,1,L8V 1H5,Hamilton,43.2266,-79.8499,1
1361,1098000,2,1,P0A 1M0,Nipissing,45.5881,-79.3546,2
1362,1699900,3,4,M4P 1A9,Toronto,43.7135,-79.3887,1
1365,649999,3,1,L2R 3M1,St. Catharines ,43.1419,-79.2966,2
1368,449000,3,1,M6E 3S2,York,43.6889,-79.4507,2
1369,1399000,3,3,L5L 4K7,Mississauga,43.5373,-79.6903,0
1370,999000,4,4,L3X 1S3,Newmarket,44.0433,-79.4912,1
1371,1399900,5,4,L4C 9W9,Richmond Hill ,43.8669,-79.4414,1
1373,1050000,3,3,L6B 1A8,Markham,43.9007,-79.2175,0
1376,899000,2,2,P3A 3M5,Greater Sudbury ,46.5187,-80.934,2
1377,899000,5,4,L1T 4N1,Ajax,43.8843,-79.0534,1
1378,599000,2,1,L5B 3R2,Mississauga,43.5771,-79.6306,1
1381,529900,2,1,N5R 3P1,St. Thomas ,42.7597,-81.1762,2
1383,549900,3,1,M8V 1M9,Toronto,43.6075,-79.5013,1
1384,399900,2,1,N3T 1C1,Brant,43.131,-80.3254,1
1388,859000,4,3,K9H 7E2,Peterborough,44.3245,-78.3184,1
1389,399000,2,1,K8N 3C7,Belleville,44.1735,-77.3684,1
1390,429900,2,1,L8L 3A9,Hamilton,43.2783,-79.8344,3
1391,474900,3,1,L3B 3J3,Welland,42.9878,-79.2219,1
1392,1249900,5,4,K2G 2S5,Nepean,45.3211,-75.7391,0
1394,549900,2,1,L8H 5Z1,Hamilton,43.2596,-79.7925,1
1397,849000,3,2,L1C 3C8,Bowmanville,43.9714,-78.7095,1
1398,1999900,6,4,L7M 5A5,Burlington,43.4342,-79.8701,3
1399,1099000,4,4,L6V 4P3,Brampton,43.7059,-79.7626,1
1400,599007,2,2,M8V 3W7,Toronto,43.6075,-79.5013,3
1401,1049000,4,3,L6R 1X2,Brampton,43.7592,-79.7605,2
1402,999999,5,4,L6Y 1N7,Brampton,43.6249,-79.7876,2
1403,799000,3,2,L6X 1K4,Brampton,43.6665,-79.8054,1
1404,1099000,3,3,L6R 3S7,Brampton,43.7592,-79.7605,1
1405,1488000,3,2,L6L 1Y9,Oakville,43.4032,-79.7186,0
1406,1299888,7,3,M9B 2R5,Etobicoke,43.6505,-79.5517,1
1407,999900,3,2,L5V 2V7,Mississauga,43.5972,-79.6931,1
1408,799900,4,4,L6S 4B7,Brampton,43.7379,-79.726,0
1409,1498800,3,2,L6K 2S3,Oakville,43.4396,-79.6878,2
1410,1199900,4,2,M9R 3N3,Etobicoke,43.6898,-79.5582,3
1412,1495000,3,4,N3T 2M3,Brant,43.131,-80.3254,3
1413,1188000,5,3,L4N 6H2,Barrie,44.3572,-79.6929,1
1415,1539000,6,4,L4C 9N9,Richmond Hill ,43.8669,-79.4414,3
1416,1500000,5,4,M1B 5J2,Scarborough,43.8113,-79.193,1
1420,2299900,10,7,K1R 6R5,Ottawa,45.4123,-75.7108,0
1422,1699999,5,6,L4S 2P3,Richmond Hill ,43.8985,-79.4143,1
1423,1300000,4,4,L3S 3P7,Markham,43.8486,-79.2617,0
1424,2499000,3,3,L0L 1R0,Lake Simcoe ,44.4548,-79.7352,1
1425,899900,4,4,L0K 2E0,Lake Simcoe ,44.6233,-79.1235,0
1426,899000,4,4,M4B 2E6,East York ,43.7063,-79.3094,2
1427,749000,7,3,L1J 1G5,Oshawa,43.8852,-78.8771,1
1428,1699900,6,5,M1K 3G5,Scarborough,43.7298,-79.2639,0
1429,1365000,4,4,L4N 9S9,Barrie,44.3572,-79.6929,3
1430,1399000,4,3,M1M 3B1,Scarborough,43.7247,-79.2312,2
1431,849000,4,3,K2G 6A4,Nepean,45.3211,-75.7391,2
1432,1099999,5,2,M1E 3Y3,Scarborough,43.7678,-79.1866,2
1433,580000,4,2,N7M 3N7,Chatham,42.4238,-82.1183,2
1434,1688000,4,3,M1C 1K9,Scarborough,43.7878,-79.1564,1
1435,579000,2,2,L1C 5B8,Bowmanville,43.9714,-78.7095,1
1436,799000,3,1,M1K 1E7,Scarborough,43.7298,-79.2639,1
1437,3049000,7,7,M6A 1B1,North York ,43.7223,-79.4504,2
1439,6600000,5,7,K0L 1Y0,Peterborough County,44.7767,-77.9687,3
1440,3295000,7,4,M4T 1C7,Toronto,43.6899,-79.3853,1
1441,1999000,6,2,M2K 1J4,North York ,43.7797,-79.3813,1
1443,2788800,4,5,M2N 3H5,Willowdale,43.7673,-79.4111,3
1445,637000,3,2,P3C 2V8,Greater Sudbury ,46.5133,-81.0225,2
1447,459900,1,1,K7L 1E5,Kingston,44.2955,-76.428,2
1448,789900,2,3,L6S 2P2,Brampton,43.7379,-79.726,3
1449,429000,3,2,M6L 3E7,North York ,43.7137,-79.4869,2
1450,649000,1,2,L5J 2Y4,Mississauga,43.5102,-79.6296,2
1451,665000,1,1,M8Y 4H5,Etobicoke,43.6325,-79.4939,2
1453,1100000,3,3,L6H 0G6,Oakville,43.4881,-79.7098,1
1454,720000,3,2,M8Z 1R6,Etobicoke,43.6256,-79.5231,3
1455,389900,2,1,M9R 2K5,Etobicoke,43.6898,-79.5582,1
1456,599000,3,2,L5B 3C3,Mississauga,43.5771,-79.6306,2
1457,619999,2,2,L4M 0J2,Barrie,44.4001,-79.6663,3
1458,568000,2,1,L4S 0E9,Richmond Hill ,43.8985,-79.4143,3
1459,399900,1,1,M1H 3H8,Scarborough,43.7686,-79.2389,1
1460,579000,3,1,M1P 2S1,Scarborough,43.7612,-79.2707,3
1461,699000,3,3,L1L 0R1,Oshawa,43.9581,-78.8972,1
1462,599900,2,2,M4J 3R7,Toronto,43.6872,-79.3368,3
1463,399900,2,1,M1B 2L2,Scarborough,43.8113,-79.193,3
1464,799000,3,1,M6K 1E4,Toronto,43.6383,-79.4301,1
1465,1998000,3,3,M5J 0E1,Toronto,43.623,-79.3936,1
1466,655000,2,1,M4S 1Z7,Toronto,43.702,-79.3853,0
1467,629900,2,1,M5V 3Z9,Toronto,43.6404,-79.3995,0
1468,688000,2,2,M2N 7A2,Willowdale,43.7673,-79.4111,0
1469,649900,2,2,M5A 0K7,Toronto,43.6555,-79.3626,3
1471,784999,3,2,M6K 3R9,Toronto,43.6383,-79.4301,2
1472,750000,2,2,M5J 2Y5,Toronto,43.623,-79.3936,2
1473,699998,2,2,M6A 3B7,North York ,43.7223,-79.4504,0
1474,747000,1,1,L8M 1K2,Hamilton,43.2441,-79.8359,2
1476,579000,1,1,M5T 2W7,Toronto,43.6541,-79.3978,1
1477,649900,3,4,K2J 4E6,Nepean,45.2691,-75.7518,0
1478,499900,3,1,K2P 2E6,Ottawa,45.4166,-75.6904,3
1479,999900,3,3,L8E 5C5,Hamilton,43.2245,-79.6988,3
1482,1489000,5,3,N9C 0B9,Windsor,42.2767,-83.0793,2
1484,528000,5,2,K9J 3P2,Peterborough,44.3104,-78.2396,2
1485,1000000,4,2,L5J 4B2,Mississauga,43.5102,-79.6296,3
1486,1699000,3,4,M6S,Toronto,43.6512,-79.4828,2
1487,1399900,4,4,L5C 1M8,Mississauga,43.5624,-79.6504,2
1488,849000,4,2,M6N,York,43.6748,-79.4839,2
1489,1249900,4,3,N5V 5C6,London,43.0233,-81.1643,3
1490,2400000,4,3,L6H 0G6,Oakville,43.4881,-79.7098,3
1491,1049000,3,3,L6M 0T7,Oakville,43.4464,-79.7593,2
1492,1450000,4,2,M6N,York,43.6748,-79.4839,2
1493,899900,5,2,M1T 1A4,Scarborough,43.7812,-79.3036,1
1494,2099000,5,3,M6S,Toronto,43.6512,-79.4828,2
1496,849900,4,2,L9W 1L1,Orangeville,43.9702,-80.016,2
1498,1299000,3,3,M6N,York,43.6748,-79.4839,1
1499,1249900,3,1,M6S,Toronto,43.6512,-79.4828,2
1500,1399000,3,1,L6L 2P6,Oakville,43.4032,-79.7186,0
1501,1299000,3,3,L6H 7B8,Oakville,43.4881,-79.7098,3
1502,2800000,4,3,L6J 6X8,Oakville,43.4757,-79.6591,0
1506,1788000,4,3,L6C 2R5,Markham,43.9045,-79.3392,3
1507,7995000,4,6,L4S 1N5,Richmond Hill ,43.8985,-79.4143,1
1511,999999,3,3,L3X 2T1,Newmarket,44.0433,-79.4912,2
1512,988888,4,4,M5A 2J1,Toronto,43.6555,-79.3626,2
1516,999000,3,3,L1R 2X0,Whitby,43.9215,-78.9412,0
1517,799990,4,2,L1G 6L4,Oshawa,43.9233,-78.8684,1
1518,799900,2,2,M4L 1C2,Toronto,43.6693,-79.3155,2
1519,1399000,2,1,M1M 1C7,Scarborough,43.7247,-79.2312,1
1520,899000,4,2,M1E 3C2,Scarborough,43.7678,-79.1866,3
1521,1099000,6,4,L1R 1H2,Whitby,43.9215,-78.9412,3
1522,349000,2,1,L1B 1A1,Bowmanville,43.9235,-78.5457,3
1523,1799900,5,2,M4L 1T9,Toronto,43.6693,-79.3155,1
1524,1999000,5,5,L1W 2G9,Pickering,43.8197,-79.0803,0
1525,2849000,6,5,M4J 2P4,Toronto,43.6872,-79.3368,3
1526,899000,4,3,L1N 6A3,Whitby,43.8721,-78.9273,1
1527,1688888,5,5,M2N 4S5,Willowdale,43.7673,-79.4111,3
1528,1849000,3,2,M5N 1B1,Toronto,43.7113,-79.4195,3
1530,999900,7,3,M4N 1X2,Toronto,43.7301,-79.3935,1
1532,1180000,5,3,M2H 1S9,North York ,43.8015,-79.3577,2
1533,6800000,6,6,M3C 2N2,Don Mills ,43.7334,-79.3329,1
1534,589000,2,2,N1R 2J2,Cambridge,43.3666,-80.2239,3
1535,699999,3,4,L1G 1B5,Oshawa,43.9233,-78.8684,2
1537,699000,4,2,L5J 1L8,Mississauga,43.5102,-79.6296,0
1538,529900,1,1,L6R 2W8,Brampton,43.7592,-79.7605,2
1539,479000,1,1,M6E 4Y2,York,43.6889,-79.4507,0
1540,539900,1,1,M6P,Toronto,43.6605,-79.4633,2
1541,600000,1,1,M6M 1T9,York,43.6934,-79.4857,0
1542,529800,2,1,L5L 3N1,Mississauga,43.5373,-79.6903,2
1543,499900,1,1,L7M 0H6,Burlington,43.4342,-79.8701,2
1544,619900,2,1,M8X 2M6,Etobicoke,43.6518,-79.5076,3
1545,649900,2,1,M9C 5S3,Etobicoke,43.6437,-79.5767,3
1547,1375000,4,3,M4K 1E8,Toronto,43.6803,-79.3538,3
1549,599999,3,3,L4C 5E2,Richmond Hill ,43.8669,-79.4414,1
1550,799000,2,2,L6C 1P8,Markham,43.9045,-79.3392,2
1551,499000,2,1,L4S 0E9,Richmond Hill ,43.8985,-79.4143,2
1553,899999,3,3,L3P 7Y6,Markham,43.8769,-79.2686,2
1555,399900,3,1,L1J 3T9,Oshawa,43.8852,-78.8771,2
1556,499000,2,1,L1C 0C6,Bowmanville,43.9714,-78.7095,2
1557,499000,3,2,M1K 5J3,Scarborough,43.7298,-79.2639,2
1558,849000,2,2,M9R 3V7,Etobicoke,43.6898,-79.5582,0
1560,599900,2,2,M2J 1M4,North York ,43.7801,-79.3479,2
1562,700000,1,1,M5S 2S3,Toronto,43.6629,-79.3987,1
1563,599000,1,1,M5V 4A1,Toronto,43.6404,-79.3995,2
1565,629000,2,1,M5T 2W5,Toronto,43.6541,-79.3978,2
1567,769000,2,1,M6K 3R9,Toronto,43.6383,-79.4301,3
1569,799000,2,2,M5V 1K1,Toronto,43.6404,-79.3995,2
1570,1299000,2,2,M4T 1X3,Toronto,43.6899,-79.3853,3
1571,899000,3,2,M2P 2E3,North York ,43.75,-79.3978,2
1572,549000,1,1,M4Y 1X7,Toronto,43.6656,-79.383,3
1574,699900,3,2,M6H 3M8,Toronto,43.6655,-79.4378,2
1575,1499000,5,4,N2R 0A4,Kitchener,43.3849,-80.487,1
1576,899900,5,5,L2V 4Y6,St. Catharines ,43.1142,-79.2035,1
1578,1149900,4,4,L6V 4K2,Brampton,43.7059,-79.7626,2
1579,1879900,5,3,L5G 1T1,Mississauga,43.5647,-79.5852,3
1580,1998000,3,4,L6C 1P8,Markham,43.9045,-79.3392,2
1581,1499888,5,5,L1K 0C8,Oshawa,43.9251,-78.8287,2
1583,799000,3,1,M5B 2L1,Toronto,43.6572,-79.3783,1
1584,899999,4,4,L7L 1N3,Burlington,43.3799,-79.7668,2
1586,899000,4,3,L3S 3P7,Markham,43.8486,-79.2617,2
1588,1650000,4,4,L7M 0N6,Burlington,43.4342,-79.8701,2
1589,899000,4,3,M1P 3Z1,Scarborough,43.7612,-79.2707,2
1590,1928000,4,2,L4E 5B9,Richmond Hill ,43.9394,-79.4349,2
1591,1599000,6,5,L6B 0L9,Markham,43.9007,-79.2175,0
1593,1370000,4,4,M4C 4L2,East York ,43.6913,-79.3116,2
1594,1498000,5,4,M6C 1X3,York,43.6915,-79.4307,1
1595,360900,1,1,K1P 6A9,Ottawa,45.4225,-75.7026,3
1596,479990,2,1,P7A 8C7,Thunder Bay ,48.4601,-89.2035,1
1597,499900,2,1,M9R 3V7,Etobicoke,43.6898,-79.5582,3
1598,450000,3,2,M3N 2K7,North York ,43.7568,-79.521,3
1599,479000,1,1,M9W 6T4,Etobicoke,43.7144,-79.5909,2
1600,668888,3,2,M9W 2N8,Etobicoke,43.7144,-79.5909,3
1604,649990,7,3,N3S 2E3,Brant,43.1394,-80.2357,2
1605,2100000,4,3,L9V 1B6,Orangeville,43.9597,-80.1079,2
1606,489000,3,2,N1H 5W4,Guelph,43.5588,-80.3004,1
1607,749900,3,3,L2M 7C4,St. Catharines ,43.196,-79.2161,2
1608,1295000,7,3,N2A 1C1,Kitchener,43.4413,-80.4246,0
1610,599900,4,2,M6H 1N7,Toronto,43.6655,-79.4378,1
1612,985000,4,2,L5J 4B2,Mississauga,43.5102,-79.6296,3
1613,1499000,3,1,L6K 2S2,Oakville,43.4396,-79.6878,2
1614,1299000,7,4,L6Y 1Z4,Brampton,43.6249,-79.7876,3
1615,1199000,4,3,L6L 6A4,Oakville,43.4032,-79.7186,3
1616,1099900,6,2,L6W 2L4,Brampton,43.68,-79.7273,1
1617,2499000,5,4,M8V 2X4,Toronto,43.6075,-79.5013,3
1618,1299000,4,3,M8Y 1B7,Etobicoke,43.6325,-79.4939,3
1619,6995000,13,14,M6K 1L7,Toronto,43.6383,-79.4301,0
1621,4850000,4,4,L6J 4V5,Oakville,43.4757,-79.6591,0
1622,1899000,4,4,L7R 1J2,Burlington,43.375,-79.8434,0
1624,828000,3,2,L0K 1B0,Lake Simcoe ,44.6233,-79.1235,0
1625,849900,3,4,N1E 0G1,Guelph,43.5677,-80.2418,0
1627,1899000,5,4,L6C 1A3,Markham,43.9045,-79.3392,2
1628,519000,3,2,K7K 2Y5,Kingston,44.2569,-76.4717,1
1632,999000,3,3,P3C 2V9,Greater Sudbury ,46.5133,-81.0225,2
1633,1299000,6,4,L1X 2K5,Pickering,43.8558,-79.0972,3
1634,769000,3,3,L1Z 0H6,Ajax,43.8773,-79.0055,1
1635,1199900,5,4,M1L 3H1,Scarborough,43.7122,-79.2843,2
1636,899900,9,4,L1J 0A1,Oshawa,43.8852,-78.8771,0
1638,988000,5,4,M1E 4P6,Scarborough,43.7678,-79.1866,1
1640,1188800,4,3,M1E 4N1,Scarborough,43.7678,-79.1866,2
1641,799000,4,2,L1M 1B0,Whitby,43.9566,-78.9779,2
1642,5998800,6,7,M2L 1L3,North York ,43.7547,-79.3764,2
1643,6280000,5,5,M4W 1J4,Toronto,43.6827,-79.373,3
1644,1345000,2,2,M6H 3L8,Toronto,43.6655,-79.4378,1
1645,2698000,6,4,M2J 2P9,North York ,43.7801,-79.3479,0
1646,410000,1,2,N2J 4V2,Waterloo,43.504,-80.5366,0
1647,334900,2,1,K2C 3G1,Ottawa,45.3679,-75.7381,3
1648,959900,3,2,M6S 5B5,Toronto,43.6512,-79.4828,0
1649,1500000,4,5,N5P 1Z1,St. Thomas ,42.7779,-81.1769,3
1650,559900,3,2,M9C 3S6,Etobicoke,43.6437,-79.5767,3
1651,288800,2,1,M3N 2S6,North York ,43.7568,-79.521,2
1652,749000,2,2,M6S 5B5,Toronto,43.6512,-79.4828,3
1653,525500,2,1,M9A 5G1,Etobicoke,43.6662,-79.5282,0
1655,648000,2,2,L4C 3L3,Richmond Hill ,43.8669,-79.4414,1
1656,499800,2,1,M1H 1H9,Scarborough,43.7686,-79.2389,1
1657,749888,2,2,M1E 1N9,Scarborough,43.7678,-79.1866,3
1658,388000,3,2,M1C 0C7,Scarborough,43.7878,-79.1564,1
1660,2248000,3,3,M5V 1J4,Toronto,43.6404,-79.3995,2
1663,836000,2,2,M4P 2C9,Toronto,43.7135,-79.3887,1
1664,799000,2,2,M5V 3N1,Toronto,43.6404,-79.3995,1
1665,489000,1,1,M2N 7H4,Willowdale,43.7673,-79.4111,1
1666,799900,2,1,K2K 3A7,Kanata,45.3704,-75.9198,2
1667,639000,1,1,M5V 2V6,Toronto,43.6404,-79.3995,2
1670,1269000,3,3,L5A 3R8,Mississauga,43.5883,-79.6091,0
1673,649900,5,2,N1R 2V5,Cambridge,43.3666,-80.2239,3
1674,449900,2,2,N3T 5B1,Brant,43.131,-80.3254,0
1675,599900,3,2,L8T 1P9,Hamilton,43.2199,-79.8286,2
1678,799000,3,2,N1R 8M5,Cambridge,43.3666,-80.2239,3
1681,659000,3,3,K7L 1G2,Kingston,44.2955,-76.428,1
1682,1099000,4,4,L6R 0C1,Brampton,43.7592,-79.7605,1
1684,1800000,3,3,M5V 1M7,Toronto,43.6404,-79.3995,3
1685,1199000,7,3,L4T 1V9,Mississauga,43.7139,-79.6434,3
1686,1455999,6,3,L4T 4J3,Mississauga,43.7139,-79.6434,0
1687,1248000,4,2,M6S,Toronto,43.6512,-79.4828,0
1689,999990,7,3,L4T 4M1,Mississauga,43.7139,-79.6434,2
1690,1599000,4,4,L6B 0S1,Markham,43.9007,-79.2175,2
1694,4950000,6,8,L4C 0A6,Richmond Hill ,43.8669,-79.4414,3
1696,829900,2,2,N1R 1W5,Cambridge,43.3666,-80.2239,2
1697,899900,3,4,N6G 3M2,London,43.0147,-81.3049,1
1699,3600000,9,4,M4E 1G3,Toronto,43.6784,-79.2941,2
1700,1299000,6,5,L1K 2P6,Oshawa,43.9251,-78.8287,2
1701,699000,4,2,L1H,Oshawa,43.9721,-78.8837,2
1702,999000,5,4,M4L 1Z6,Toronto,43.6693,-79.3155,2
1703,1398000,3,2,M4M 3C9,Toronto,43.6561,-79.3406,2
1705,1588800,4,3,M5S 1G6,Toronto,43.6629,-79.3987,1
1706,1280000,4,2,M3A 1E9,North York ,43.7545,-79.33,2
1707,4000000,10,6,M4R 1S7,Toronto,43.7143,-79.4065,1
1708,1098000,4,4,M6R 2B2,Toronto,43.6469,-79.4521,3
1709,598000,2,2,M9V 5C7,Etobicoke,43.7432,-79.5876,3
1710,899900,2,1,M6P,Toronto,43.6605,-79.4633,2
1711,599000,2,1,L7L 7H7,Burlington,43.3799,-79.7668,1
1712,999900,3,2,K1V 6J3,Ottawa,45.3281,-75.6719,3
1713,549000,1,1,M9B 2R5,Etobicoke,43.6505,-79.5517,3
1714,789990,2,2,L5E 1V4,Mississauga,43.5836,-79.561,1
1715,569000,2,2,M9W 7H3,Etobicoke,43.7144,-79.5909,0
1716,749900,3,2,L4C 5E2,Richmond Hill ,43.8669,-79.4414,3
1717,699999,3,2,L3R 0M3,Markham,43.8479,-79.3288,0
1718,549000,1,1,M9R 3V7,Etobicoke,43.6898,-79.5582,0
1719,749999,3,2,L1V 2B8,Pickering,43.8605,-79.1618,0
1720,599900,2,1,M4X 1K2,Toronto,43.6684,-79.3689,0
1721,499000,2,2,M5B 1M1,Toronto,43.6572,-79.3783,3
1722,1528000,2,2,K7M 3E1,Kingston,44.2411,-76.5788,2
1723,2395000,2,2,M5R 3V5,Toronto,43.6736,-79.4035,3
1724,650000,2,1,M5V 1J4,Toronto,43.6404,-79.3995,1
1725,669000,1,1,M5J 0B5,Toronto,43.623,-79.3936,1
1726,579000,1,1,M2N 7L6,Willowdale,43.7673,-79.4111,2
1727,629000,2,1,M5V 1A9,Toronto,43.6404,-79.3995,2
1728,2295000,5,4,M8Z 1N7,Etobicoke,43.6256,-79.5231,3
1729,1399000,3,2,M6S,Toronto,43.6512,-79.4828,2
1730,1798880,4,5,M9P 2C3,Etobicoke,43.6949,-79.5323,2
1733,1288000,4,2,M1T 1M6,Scarborough,43.7812,-79.3036,1
1734,1149000,5,2,M1G 2L6,Scarborough,43.7712,-79.2144,2
1735,519000,2,1,L2G 0C7,Niagara Falls ,43.0696,-79.0818,2
1736,1225000,3,3,M3C 1J3,Don Mills ,43.7334,-79.3329,2
1737,638900,2,1,N7M 1G8,Chatham,42.4238,-82.1183,2
1739,1350000,5,2,L7T 3Z7,Burlington,43.3081,-79.8507,2
1740,588000,2,2,L4N 9C2,Barrie,44.3572,-79.6929,0
1743,998000,3,3,L4C 7A1,Richmond Hill ,43.8669,-79.4414,3
1744,999800,7,2,M1R 2L2,Scarborough,43.7507,-79.3003,3
1745,2395000,6,4,M6H 1L4,Toronto,43.6655,-79.4378,0
1746,799900,3,2,L5B 2T4,Mississauga,43.5771,-79.6306,1
1747,625000,2,3,M9R 3V7,Etobicoke,43.6898,-79.5582,2
1748,999900,4,2,L6E 0H0,Markham,43.9002,-79.2676,1
1751,349900,4,1,N8X 3Y8,Windsor,42.2926,-83.0186,2
1753,2488000,5,3,M8Y 2M2,Etobicoke,43.6325,-79.4939,3
1754,999000,4,4,L6P 2G7,Brampton,43.7942,-79.7021,2
1760,1100000,4,4,L1Z 0H6,Ajax,43.8773,-79.0055,1
1761,1690000,6,4,M2J 3H9,North York ,43.7801,-79.3479,3
1762,449000,1,1,N1H 7R4,Guelph,43.5588,-80.3004,0
1763,599797,3,2,M9V 3A8,Etobicoke,43.7432,-79.5876,0
1764,729900,2,2,L5B 2T4,Mississauga,43.5771,-79.6306,1
1765,847000,2,3,L5M 7M4,Mississauga,43.5637,-79.7202,3
1766,435000,2,1,M9R,Etobicoke,43.6898,-79.5582,0
1767,849900,3,2,M1L 0G9,Scarborough,43.7122,-79.2843,3
1768,1088888,3,2,M6K 3P8,Toronto,43.6383,-79.4301,0
1769,868000,3,2,M2N 7A2,Willowdale,43.7673,-79.4111,2
1770,950000,3,3,L8E 0J7,Hamilton,43.2245,-79.6988,1
1771,799000,3,3,N5R 3P1,St. Thomas ,42.7597,-81.1762,2
1772,599900,5,1,L8V 1T9,Hamilton,43.2266,-79.8499,0
1773,1161000,4,3,L6V 3V6,Brampton,43.7059,-79.7626,0
1774,799900,2,2,M6N,York,43.6748,-79.4839,0
1775,1299999,6,4,L6X 4K9,Brampton,43.6665,-79.8054,3
1776,749900,2,2,L1B 1E2,Bowmanville,43.9235,-78.5457,2
1780,1349000,3,2,M5R 1V7,Toronto,43.6736,-79.4035,2
1781,1990000,6,4,L4S 0B6,Richmond Hill ,43.8985,-79.4143,3
1782,1379000,4,4,L6X 4T7,Brampton,43.6665,-79.8054,1
1785,800000,4,4,K9K 2J6,Peterborough,44.3138,-78.3606,1
1786,899000,5,4,M6N,York,43.6748,-79.4839,0
1787,1699900,4,4,L6M 0G5,Oakville,43.4464,-79.7593,1
1789,3995000,2,4,M4T 3A4,Toronto,43.6899,-79.3853,3
1790,450000,2,1,M4E 2V6,Toronto,43.6784,-79.2941,3
1791,439000,3,2,M3N 2K7,North York ,43.7568,-79.521,2
1792,1798000,4,4,L4Z 1S1,Mississauga,43.6192,-79.6538,2
1793,599999,2,2,M4L 1P3,Toronto,43.6693,-79.3155,1
1794,449900,5,2,N5R 4Y8,St. Thomas ,42.7597,-81.1762,3
1795,599000,4,3,L2R 4A7,St. Catharines ,43.1419,-79.2966,0
1796,2499999,4,3,N6K 4X9,London,42.9536,-81.3418,2
1797,1188900,4,4,M5J 2G2,Toronto,43.623,-79.3936,2
1799,659888,3,2,L8E 5H1,Hamilton,43.2245,-79.6988,0
1800,999000,3,2,L7M 3X6,Burlington,43.4342,-79.8701,2
1801,2288000,3,2,L6K 2S3,Oakville,43.4396,-79.6878,1
1802,2900000,7,6,L6P 1E7,Brampton,43.7942,-79.7021,0
1803,1490000,4,2,L6K 3S4,Oakville,43.4396,-79.6878,3
1805,1589000,6,5,L3Y 7C1,Newmarket,44.0565,-79.4555,0
1807,889999,4,3,L1P 1W7,Whitby,43.8866,-78.975,3
1808,1399000,3,4,M4J 3G8,Toronto,43.6872,-79.3368,2
1809,1399000,5,4,M1V 1P6,Scarborough,43.8177,-79.2819,3
1810,549000,2,1,M9A 5G1,Etobicoke,43.6662,-79.5282,1
1811,999800,2,2,M8V 1A2,Toronto,43.6075,-79.5013,3
1817,750000,3,3,K2E 6N6,Nepean,45.3438,-75.7157,2
1818,799900,2,2,M5S 3A5,Toronto,43.6629,-79.3987,2
1819,1269000,3,2,K1M 2B2,Ottawa,45.4491,-75.6818,0
1824,699900,3,2,M4C 1K4,East York ,43.6913,-79.3116,3
1825,1699900,4,4,L6R 0W1,Brampton,43.7592,-79.7605,1
1828,1449000,4,4,L4H 3Z3,Woodbridge,43.8432,-79.5644,0
1830,3680000,7,6,L4C 7A7,Richmond Hill ,43.8669,-79.4414,0
1832,999000,4,2,L1G 7Y6,Oshawa,43.9233,-78.8684,2
1833,899000,4,2,L1W 1W7,Pickering,43.8197,-79.0803,2
1834,1699000,4,4,L1R 0J2,Whitby,43.9215,-78.9412,1
1835,2100000,5,2,L8G 2E9,Hamilton,43.2164,-79.7423,3
1836,799800,4,2,K2P 2A8,Ottawa,45.4166,-75.6904,1
1837,1949000,5,5,M6C 2R1,York,43.6915,-79.4307,1
1838,2835000,7,5,M2M 1V5,Willowdale,43.7915,-79.4103,3
1841,599000,2,1,M2N 0G2,Willowdale,43.7673,-79.4111,1
1842,1049000,3,2,M2J 4X9,North York ,43.7801,-79.3479,1
1843,725000,1,1,M4W 0A4,Toronto,43.6827,-79.373,3
1844,1288000,3,2,L8R 2Y6,Hamilton,43.2726,-79.8792,3
1845,599000,2,2,M2K 0A4,North York ,43.7797,-79.3813,3
1846,899000,2,2,L1V 1H5,Pickering,43.8605,-79.1618,2
1847,750000,2,2,M4Y 2G8,Toronto,43.6656,-79.383,0
1849,775000,2,2,M5R 2S9,Toronto,43.6736,-79.4035,1
1850,3680000,4,2,P7J 1B6,Thunder Bay ,48.2834,-89.3668,2
1851,1298000,3,3,L6C 3H6,Markham,43.9045,-79.3392,3
1852,1488000,5,4,L3P 7M8,Markham,43.8769,-79.2686,2
1853,1699999,6,4,L6E 1E8,Markham,43.9002,-79.2676,1
1854,1280000,3,1,L4E 2L3,Richmond Hill ,43.9394,-79.4349,2
1855,1268000,3,3,M1W 2S2,Scarborough,43.8016,-79.3216,1
1856,599900,1,1,L1J 6L7,Oshawa,43.8852,-78.8771,1
1857,2720000,5,3,M2L 2S1,North York ,43.7547,-79.3764,3
1858,849900,3,2,M8Y 1T3,Etobicoke,43.6325,-79.4939,1
1859,1199900,3,3,L6M 4V6,Oakville,43.4464,-79.7593,1
1860,1688000,8,5,N2J 4Z2,Waterloo,43.504,-80.5366,0
1864,2999900,4,4,L6L 2B1,Oakville,43.4032,-79.7186,1
1865,3988000,4,6,L5H 3J2,Mississauga,43.5419,-79.6164,3
1866,1499900,4,4,L3P 7M8,Markham,43.8769,-79.2686,1
1867,1498888,4,4,L3C 0C1,Welland,42.9998,-79.2656,3
1868,649900,2,2,L1G 5T9,Oshawa,43.9233,-78.8684,3
1869,439900,1,1,N3T 5B1,Brant,43.131,-80.3254,3
1870,574900,2,1,L4Z 0A9,Mississauga,43.6192,-79.6538,0
1872,1190000,3,2,M9R 3V7,Etobicoke,43.6898,-79.5582,1
1873,950000,2,2,M4Y 1X5,Toronto,43.6656,-79.383,1
1875,649900,3,2,L2N 3N6,St. Catharines ,43.1923,-79.2559,2
1876,1590000,4,3,L2H 0K2,Niagara Falls ,43.1009,-79.1379,0
1879,1499900,4,3,L8J 3T1,Hamilton,43.1836,-79.721,3
1880,790000,5,4,N9B 0B6,Windsor,42.2949,-83.052,3
1882,499000,2,1,K1Y 0H3,Ottawa,45.4023,-75.7329,2
1883,774999,3,2,L8M 1M8,Hamilton,43.2441,-79.8359,1
1889,1249000,5,3,L2V 3H3,St. Catharines ,43.1142,-79.2035,2
1890,469900,2,1,M6J 3A5,Toronto,43.648,-79.4177,0
1891,1100000,4,3,L6Y 5N2,Brampton,43.6249,-79.7876,3
1893,1199900,3,3,L6Z 4P8,Brampton,43.7328,-79.7953,0
1894,2899899,5,2,M8W 1P7,Etobicoke,43.6021,-79.5402,2
1895,2950000,4,3,L5H 3J2,Mississauga,43.5419,-79.6164,2
1896,2999000,4,3,M6L 2V4,North York ,43.7137,-79.4869,1
1899,1999000,6,5,L6P 2X4,Brampton,43.7942,-79.7021,3
1900,899000,4,2,L9W 1S8,Orangeville,43.9702,-80.016,1
1901,1099000,4,2,L7P 1C6,Burlington,43.3806,-79.886,2
1902,2488000,7,5,M3K 1R6,Toronto,43.739,-79.4692,2
1903,2499888,4,5,L5L 2Z5,Mississauga,43.5373,-79.6903,1
1904,2699000,8,6,L5N 6S9,Mississauga,43.5924,-79.7611,0
1905,1149000,5,2,L0L 1T0,Lake Simcoe ,44.4548,-79.7352,1
1911,499000,2,1,L0E 1S0,Lake Simcoe ,44.3199,-79.2778,1
1913,2888000,5,5,K1V 2M1,Ottawa,45.3281,-75.6719,1
1915,1198000,4,4,L3S 1R4,Markham,43.8486,-79.2617,0
1916,2188000,5,5,L4H 4G1,Woodbridge,43.8432,-79.5644,2
1917,999000,4,3,M1W 2K1,Scarborough,43.8016,-79.3216,0
1918,1299000,6,2,L8G 2E9,Hamilton,43.2164,-79.7423,1
1919,1485000,7,4,M1S 4C5,Scarborough,43.7946,-79.2644,3
1920,569000,2,2,L1B 1A6,Bowmanville,43.9235,-78.5457,3
1921,999000,4,2,M1B 1M4,Scarborough,43.8113,-79.193,1
1922,1199999,3,2,M1G 3K5,Scarborough,43.7712,-79.2144,2
1923,1688000,4,3,M2N 0C8,Willowdale,43.7673,-79.4111,2
1925,1588000,5,3,M2R 2R1,Willowdale,43.7786,-79.445,2
1926,499000,2,2,K2B 6Z9,Ottawa,45.3645,-75.7934,2
1927,699000,3,2,L8P 4L6,Hamilton,43.2514,-79.8925,3
1928,629900,3,2,N6G 2V4,London,43.0147,-81.3049,2
1929,299999,1,1,K9J 5R2,Peterborough,44.3104,-78.2396,3
1930,610000,2,2,M3K 0A5,Toronto,43.739,-79.4692,0
1931,979000,2,2,L7T 3P3,Burlington,43.3081,-79.8507,2
1932,849900,2,3,L9W 0A3,Orangeville,43.9702,-80.016,0
1934,625000,2,2,M2J 0G7,North York ,43.7801,-79.3479,2
1935,675000,3,2,L5B 0A1,Mississauga,43.5771,-79.6306,1
1938,399999,2,1,L4M 3C1,Barrie,44.4001,-79.6663,2
1940,807880,3,2,M2N 0G2,Willowdale,43.7673,-79.4111,0
1942,515000,1,1,M5A 0E9,Toronto,43.6555,-79.3626,3
1943,574900,1,1,M4Y 3C1,Toronto,43.6656,-79.383,3
1944,680000,2,1,M5T 2W5,Toronto,43.6541,-79.3978,3
1945,1099900,2,2,L1C 1N6,Bowmanville,43.9714,-78.7095,2
1946,3339000,3,2,M5R 1H4,Toronto,43.6736,-79.4035,2
1947,699900,2,2,M4N 3N1,Toronto,43.7301,-79.3935,2
1948,1000000,3,3,M2N 7H2,Willowdale,43.7673,-79.4111,1
1949,899990,3,3,M4Y 1E3,Toronto,43.6656,-79.383,1
1950,799000,3,2,N2P 1R6,Kitchener,43.3878,-80.4296,2
1952,659900,3,1,N3H 4X5,Cambridge,43.4267,-80.3699,1
1954,725000,3,2,L2J 1A4,Niagara Falls ,43.1296,-79.1034,2
1955,849000,6,2,L3C 3W6,Welland,42.9998,-79.2656,2
1956,824900,3,1,P3A 3K3,Greater Sudbury ,46.5187,-80.934,0
1960,950000,3,2,L4N 1P5,Barrie,44.3572,-79.6929,3
1961,2399000,3,3,L8N 2Z7,Hamilton,43.4017,-80.017,0
1962,1250000,5,3,N3T 3N4,Brant,43.131,-80.3254,2
1963,1499000,6,4,L4X 1S5,Mississauga,43.6178,-79.5786,0
1964,979900,6,3,L6V 2C1,Brampton,43.7059,-79.7626,2
1965,799900,5,2,L6S 2G1,Brampton,43.7379,-79.726,0
1966,1579000,3,3,L6M 3K1,Oakville,43.4464,-79.7593,1
1967,1499888,7,5,L5R 1Y3,Mississauga,43.606,-79.6708,1
1968,6299999,8,11,L5N 1P7,Mississauga,43.5924,-79.7611,0
1969,5899999,8,11,L5N 1P7,Mississauga,43.5924,-79.7611,1
1971,5999999,8,10,L5N 1P7,Mississauga,43.5924,-79.7611,2
1972,1779000,5,5,L6R 1J1,Brampton,43.7592,-79.7605,1
1973,2799000,3,2,L0N 1P0,Dufferin County,44.0317,-80.2068,1
1974,799000,2,2,M6N,York,43.6748,-79.4839,2
1975,1299000,3,3,M3K 0A5,Toronto,43.739,-79.4692,2
1977,5388000,5,7,K1K 3C9,Ottawa,45.4448,-75.6431,2
1978,998888,3,3,M1V 4P1,Scarborough,43.8177,-79.2819,2
1981,4588000,6,7,L4C 7N1,Richmond Hill ,43.8669,-79.4414,0
1982,999000,3,3,L3P 5J5,Markham,43.8769,-79.2686,1
1985,1158000,6,5,M1S 1K6,Scarborough,43.7946,-79.2644,1
1986,1399000,3,2,M4B 1M3,East York ,43.7063,-79.3094,2
1987,820000,3,2,L1C 3X1,Bowmanville,43.9714,-78.7095,2
1990,1299900,5,3,K6H 4M1,Cornwall,45.0565,-74.6852,3
1991,899000,6,4,L1G 4Y3,Oshawa,43.9233,-78.8684,2
1992,1690000,3,3,M2R 1K1,Willowdale,43.7786,-79.445,3
1993,1499000,5,3,L1V 1H5,Pickering,43.8605,-79.1618,1
1994,397000,3,2,N4S 5S1,Woodstock,43.1432,-80.7338,1
1995,479900,3,2,M9R 2K5,Etobicoke,43.6898,-79.5582,2
1996,624000,2,2,L2M 7Y2,St. Catharines ,43.196,-79.2161,3
1998,1050000,3,3,M6H 4B5,Toronto,43.6655,-79.4378,2
1999,849990,1,1,M6H 4B5,Toronto,43.6655,-79.4378,1
2000,699000,2,2,L7L 0G5,Burlington,43.3799,-79.7668,1
2002,489900,2,1,L1C 0C6,Bowmanville,43.9714,-78.7095,2
2003,1189000,3,3,M5V 2V4,Toronto,43.6404,-79.3995,1
2004,1119000,2,2,M5J 2S2,Toronto,43.623,-79.3936,1
2005,649900,3,2,L8L 4J5,Hamilton,43.2783,-79.8344,0
2006,699900,2,2,M4S 2N3,Toronto,43.702,-79.3853,2
2007,829900,2,1,M5J 0E1,Toronto,43.623,-79.3936,0
2008,599900,1,1,M4Y 2H2,Toronto,43.6656,-79.383,1
2009,2047990,3,2,M4T 1X3,Toronto,43.6899,-79.3853,2
2010,1199000,7,3,M3J 1T9,North York ,43.7694,-79.4921,1
2011,1199000,4,3,M6H 1V4,Toronto,43.6655,-79.4378,3
2012,5350000,6,8,L6J 4M6,Oakville,43.4757,-79.6591,3
2013,1999990,4,4,N1H 4G2,Guelph,43.5588,-80.3004,2
2014,3980000,8,6,L4C 7A7,Richmond Hill ,43.8669,-79.4414,2
2016,4280000,4,4,M5G 2J9,Toronto,43.6564,-79.386,2
2017,750000,1,1,M6K 3P8,Toronto,43.6383,-79.4301,3
2019,399900,3,1,L8G 4H8,Hamilton,43.2164,-79.7423,1
2020,349900,2,1,N3S 2R4,Brant,43.1394,-80.2357,3
2021,599000,5,3,L2E 4B8,Niagara Falls ,43.0537,-79.1018,3
2022,799000,3,4,L7L 4J8,Burlington,43.3799,-79.7668,2
2024,2599900,5,5,L5N 7K8,Mississauga,43.5924,-79.7611,3
2025,629900,4,2,P7B 1Z7,Thunder Bay ,48.9475,-89.4063,1
2028,1498000,3,1,L4C 8T3,Richmond Hill ,43.8669,-79.4414,2
2029,729000,2,2,P7A 8C7,Thunder Bay ,48.4601,-89.2035,1
2030,539900,2,1,M2R 1Y8,Willowdale,43.7786,-79.445,1
2031,899000,3,2,M2N 5R6,Willowdale,43.7673,-79.4111,2
2032,766000,3,3,K0L 1W0,Peterborough County,44.7767,-77.9687,2
2033,799000,6,3,L2T 2M9,St. Catharines ,43.1313,-79.2317,1
2035,488800,5,2,K9J 3N9,Peterborough,44.3104,-78.2396,0
2037,2400982,3,1,K9J 0G5,Peterborough,44.3104,-78.2396,2
2038,1185000,3,2,L8P 4L6,Hamilton,43.2514,-79.8925,1
2041,2099999,7,3,L7R 1J2,Burlington,43.375,-79.8434,2
2042,2349000,8,7,L6P 2X4,Brampton,43.7942,-79.7021,3
2043,1299000,5,4,M9V 3L5,Etobicoke,43.7432,-79.5876,2
2044,2350000,4,4,M2L 1E4,North York ,43.7547,-79.3764,2
2045,980000,4,4,M8V 2E8,Toronto,43.6075,-79.5013,0
2046,1845000,6,4,L6S 4C4,Brampton,43.7379,-79.726,1
2047,979000,4,3,L4T 1X3,Mississauga,43.7139,-79.6434,3
2048,699900,3,3,L4N 9S9,Barrie,44.3572,-79.6929,1
2050,2895000,5,3,N1G 1B3,Guelph,43.5184,-80.2257,1
2052,2680000,6,5,L3R 7R6,Markham,43.8479,-79.3288,3
2053,999000,4,3,L0L 1R0,Lake Simcoe ,44.4548,-79.7352,0
2055,988888,12,5,L0E 1R0,Lake Simcoe ,44.3199,-79.2778,3
2056,1580000,5,2,L4C 2H4,Richmond Hill ,43.8669,-79.4414,2
2057,4500000,5,1,L0E 1R0,Lake Simcoe ,44.3199,-79.2778,1
2058,899991,3,3,L1Z 0T4,Ajax,43.8773,-79.0055,3
2060,949900,3,1,M1N 1T0,Scarborough,43.6952,-79.2646,3
2061,2495000,4,5,M4M 1L4,Toronto,43.6561,-79.3406,1
2062,1588000,7,4,M1K 2R4,Scarborough,43.7298,-79.2639,1
2063,1198000,5,2,M1S 2E2,Scarborough,43.7946,-79.2644,1
2064,4250000,7,5,L1Y 1A4,Pickering,43.9555,-79.1194,0
2065,899000,4,2,L1W 1W7,Pickering,43.8197,-79.0803,1
2066,3700000,5,4,M4P 2J5,Toronto,43.7135,-79.3887,3
2067,541900,1,1,L2R 7K2,St. Catharines ,43.1419,-79.2966,3
2069,390000,2,1,M8V 1A2,Toronto,43.6075,-79.5013,1
2070,529900,2,1,M9A 5G1,Etobicoke,43.6662,-79.5282,1
2071,549000,3,2,N3R 5E3,Brant,43.1692,-80.2684,0
2072,265000,2,1,M3N 2S6,North York ,43.7568,-79.521,3
2073,989000,2,3,M8W 0A3,Etobicoke,43.6021,-79.5402,1
2074,455000,4,4,L4M 7B6,Barrie,44.4001,-79.6663,1
2075,375000,2,1,L6L 6A4,Oakville,43.4032,-79.7186,2
2079,781880,2,2,M2N 0G2,Willowdale,43.7673,-79.4111,1
2080,1690000,3,2,M5J 0B5,Toronto,43.623,-79.3936,2
2081,3595000,3,3,M5R 1H4,Toronto,43.6736,-79.4035,2
2082,2188000,2,3,M5H 2X7,Toronto,43.6496,-79.3833,2
2083,649000,2,2,M4T 2S9,Toronto,43.6899,-79.3853,3
2084,1429000,2,2,M5J 2R0,Toronto,43.623,-79.3936,1
2085,649500,3,3,M2N 7H2,Willowdale,43.7673,-79.4111,2
2086,649999,3,3,N5R 3P1,St. Thomas ,42.7597,-81.1762,0
2089,1099949,5,3,N5P 3S7,St. Thomas ,42.7779,-81.1769,2
2091,949900,3,2,L2S 3S9,St. Catharines ,43.1447,-79.2634,1
2092,1300000,3,3,M6N,York,43.6748,-79.4839,1
2093,1099000,4,4,L6Z 1Y6,Brampton,43.7328,-79.7953,1
2094,1588000,4,2,L5G 2G6,Mississauga,43.5647,-79.5852,1
2096,2788888,4,3,N7W 1B6,Sarnia,42.9644,-82.3259,3
2101,999900,4,3,L3X 3G6,Newmarket,44.0433,-79.4912,0
2103,699900,6,2,M5A 4M5,Toronto,43.6555,-79.3626,2
2104,799900,4,2,M1J 2H1,Scarborough,43.7464,-79.2323,1
2105,899000,3,2,L1S 4X1,Ajax,43.8404,-79.0251,0
2107,2395000,4,4,M4L 1E2,Toronto,43.6693,-79.3155,1
2108,359900,1,1,N2L 3W6,Waterloo,43.4715,-80.5454,3
2109,1100000,3,4,N1L 0M5,Guelph,43.516,-80.19,1
2110,649900,1,1,M8V 1A2,Toronto,43.6075,-79.5013,1
2113,875000,4,3,L6R 3C3,Brampton,43.7592,-79.7605,1
2114,599000,2,2,L4Z 0A3,Mississauga,43.6192,-79.6538,1
2115,750000,2,1,M6H 4B5,Toronto,43.6655,-79.4378,1
2117,899999,4,2,L4Z 0A3,Mississauga,43.6192,-79.6538,3
2118,700000,3,2,L3X 1V5,Newmarket,44.0433,-79.4912,2
2119,469900,2,1,M1L 1E3,Scarborough,43.7122,-79.2843,1
2120,799999,3,2,M1H 3B7,Scarborough,43.7686,-79.2389,0
2121,649000,5,5,M4C 5M9,East York ,43.6913,-79.3116,1
2122,849000,2,2,M5A 3H6,Toronto,43.6555,-79.3626,2
2123,999900,2,2,M5A 3C4,Toronto,43.6555,-79.3626,0
2124,787888,2,2,M2J 1M4,North York ,43.7801,-79.3479,1
2125,1999000,2,3,M2P 2E3,North York ,43.75,-79.3978,3
2126,735888,2,1,M5V 1J6,Toronto,43.6404,-79.3995,1
2127,828000,2,1,P7A 0A4,Thunder Bay ,48.4601,-89.2035,0
2128,799900,2,2,M2N 3H5,Willowdale,43.7673,-79.4111,3
2129,1400000,3,2,L8R 2Y6,Hamilton,43.2726,-79.8792,2
2130,868000,2,1,M6K 3P8,Toronto,43.6383,-79.4301,3
2131,679000,2,1,M5B 2P7,Toronto,43.6572,-79.3783,3
2132,379000,2,1,L2R 4N3,St. Catharines ,43.1419,-79.2966,2
2133,4799000,6,6,L4H 0X1,Woodbridge,43.8432,-79.5644,2
2134,1799000,5,2,M1M 3B1,Scarborough,43.7247,-79.2312,2
2135,1588000,4,3,M2N 3B1,Willowdale,43.7673,-79.4111,3
2136,799900,8,4,L8M 1K2,Hamilton,43.2441,-79.8359,3
2137,1100000,3,1,N3C 4V4,Cambridge,43.4389,-80.2649,1
2138,1999900,4,2,L6H 7T5,Oakville,43.4881,-79.7098,2
2139,1700000,6,5,L6Z 0B1,Brampton,43.7328,-79.7953,3
2140,1299000,4,4,L6Y 5P3,Brampton,43.6249,-79.7876,3
2142,2099000,5,3,M6C 2E5,York,43.6915,-79.4307,0
2144,949900,2,2,M8Y 4H5,Etobicoke,43.6325,-79.4939,1
2146,719900,2,1,L5B 3R2,Mississauga,43.5771,-79.6306,3
2147,699000,2,1,M8Y 4H5,Etobicoke,43.6325,-79.4939,1
2149,799000,2,2,M5B 1L2,Toronto,43.6572,-79.3783,0
2150,714900,2,2,M6K 3P8,Toronto,43.6383,-79.4301,3
2151,699600,1,1,M5C 3G7,Toronto,43.6513,-79.3756,0
2152,489900,3,1,L2E 4B9,Niagara Falls ,43.0537,-79.1018,0
2154,990000,5,3,N2L 1W5,Waterloo,43.4715,-80.5454,1
2158,1825000,6,3,M6G 1T3,Toronto,43.6683,-79.4205,2
2159,899900,3,2,M6N,York,43.6748,-79.4839,2
2160,1699000,2,3,L8L 5W8,Hamilton,43.2783,-79.8344,2
2161,2598000,7,4,M6S,Toronto,43.6512,-79.4828,1
2162,2500000,5,5,L6X 0W5,Brampton,43.6665,-79.8054,1
2163,699000,3,2,M6N,York,43.6748,-79.4839,1
2164,4250000,3,1,L6X 0H7,Brampton,43.6665,-79.8054,3
2165,2399000,8,6,L6P 0A2,Brampton,43.7942,-79.7021,3
2166,1250000,4,3,L0K 2E0,Lake Simcoe ,44.6233,-79.1235,1
2168,1369990,4,4,L4N 0G0,Barrie,44.3572,-79.6929,2
2169,779000,3,4,L4N 9G4,Barrie,44.3572,-79.6929,0
2174,2288000,7,5,L4H 3J8,Woodbridge,43.8432,-79.5644,1
2175,4588800,4,6,L4L 8J5,Woodbridge,43.8064,-79.5995,0
2176,5280000,8,5,M5J 1Z4,Toronto,43.623,-79.3936,1
2177,1538000,3,4,M1K 1A1,Scarborough,43.7298,-79.2639,2
2178,2680000,4,3,M2J 4A7,North York ,43.7801,-79.3479,2
2180,4998000,5,6,M2N 2B3,Willowdale,43.7673,-79.4111,0
2181,2599900,8,4,M5R 2R6,Toronto,43.6736,-79.4035,1
2182,3200000,4,5,M9R 3V7,Etobicoke,43.6898,-79.5582,2
2183,915000,2,2,M8V 4C5,Toronto,43.6075,-79.5013,0
2184,1895000,3,3,L5L 3R4,Mississauga,43.5373,-79.6903,3
2185,549000,1,1,M8V 1A2,Toronto,43.6075,-79.5013,0
2186,729900,1,2,M8V 1A2,Toronto,43.6075,-79.5013,0
2187,789900,3,2,L6L 1X6,Oakville,43.4032,-79.7186,3
2188,599900,2,1,M6H 3Z6,Toronto,43.6655,-79.4378,1
2189,618000,2,2,L4N 8G1,Barrie,44.3572,-79.6929,1
2190,525900,2,2,L3Y 1E8,Newmarket,44.0565,-79.4555,1
2193,1295000,2,2,M2N 5R6,Willowdale,43.7673,-79.4111,2
2195,3998500,4,5,M5P 1A2,Toronto,43.6966,-79.412,2
2196,1698880,3,3,M6K 3P8,Toronto,43.6383,-79.4301,2
2197,668000,1,1,L5A 3R8,Mississauga,43.5883,-79.6091,2
2198,1395000,2,2,M4V 2J1,Toronto,43.6861,-79.4025,1
2199,620000,2,1,M5J 0E1,Toronto,43.623,-79.3936,2
2200,766800,2,2,P7A 1A2,Thunder Bay ,48.4601,-89.2035,1
2201,1899000,5,2,N7V 3Z3,Sarnia,42.9998,-82.3926,1
2202,2399900,3,3,P3E 1X3,Greater Sudbury ,46.2676,-80.9063,1
2203,709000,3,3,K2C 4E5,Ottawa,45.3679,-75.7381,2
2204,1888888,9,4,M6L 1L7,North York ,43.7137,-79.4869,2
2205,3199000,6,6,M6M 2K9,York,43.6934,-79.4857,1
2206,3198000,4,4,M9A 3L8,Etobicoke,43.6662,-79.5282,2
2207,2699000,7,7,L5V 1B9,Mississauga,43.5972,-79.6931,2
2208,1899000,3,2,M9A 3V3,Etobicoke,43.6662,-79.5282,3
2209,2790000,7,5,L4M 1L3,Barrie,44.4001,-79.6663,1
2211,1780000,4,2,L4C 4Z3,Richmond Hill ,43.8669,-79.4414,2
2213,1938000,6,5,L4M 7J3,Barrie,44.4001,-79.6663,3
2215,2599000,5,5,L4C 5A6,Richmond Hill ,43.8669,-79.4414,2
2216,1199000,4,3,L1Z 0E7,Ajax,43.8773,-79.0055,1
2217,3288000,5,5,M2L 1L3,North York ,43.7547,-79.3764,3
2218,359900,3,2,N6E 2S3,London,42.9185,-81.2244,2
2219,499000,1,1,M9B 2R5,Etobicoke,43.6505,-79.5517,3
2220,819000,3,2,L5M 4G8,Mississauga,43.5637,-79.7202,3
2221,539000,2,2,M9B 1B3,Etobicoke,43.6505,-79.5517,1
2224,449000,2,1,M1J 3P4,Scarborough,43.7464,-79.2323,3
2225,629900,1,1,M2N 7L6,Willowdale,43.7673,-79.4111,1
2226,1150000,3,2,M5T 1X5,Toronto,43.6541,-79.3978,3
2227,1688000,3,3,M2P 2E3,North York ,43.75,-79.3978,1
2228,600000,4,2,K1L 7K3,Ottawa,45.44,-75.663,1
2229,1590000,4,2,L5N 1G6,Mississauga,43.5924,-79.7611,0
2230,799000,3,2,M6E 1C3,York,43.6889,-79.4507,2
2232,799900,4,2,M1E 5B3,Scarborough,43.7678,-79.1866,0
2233,2998000,3,4,M4N 1X2,Toronto,43.7301,-79.3935,2
2235,749900,4,2,M6G 2M3,Toronto,43.6683,-79.4205,2
2236,5900000,6,5,L6L 4G2,Oakville,43.4032,-79.7186,2
2237,774900,3,3,L4M 5A0,Barrie,44.4001,-79.6663,1
2240,1899000,5,4,M3J 0G9,North York ,43.7694,-79.4921,1
2241,9298000,6,9,M3B 1W6,Don Mills ,43.745,-79.359,2
2242,2500000,4,5,M2R 2N1,Willowdale,43.7786,-79.445,0
2243,1999999,5,3,M6G 3Z6,Toronto,43.6683,-79.4205,1
2244,1888888,6,4,N2V 2C2,Waterloo,43.4764,-80.5842,3
2245,899900,3,3,L7P 2J3,Burlington,43.3806,-79.886,2
2246,729900,2,2,M8Y 4H5,Etobicoke,43.6325,-79.4939,3
2247,599000,3,2,M1W 2R5,Scarborough,43.8016,-79.3216,1
2248,625000,2,1,M6J 0A9,Toronto,43.648,-79.4177,1
2250,249900,3,1,L0K 1W0,Lake Simcoe ,44.6233,-79.1235,2
2251,3750000,5,4,L5G 2G6,Mississauga,43.5647,-79.5852,2
2252,2599999,3,5,L5G 1H9,Mississauga,43.5647,-79.5852,0
2253,1350000,8,5,M3L 1A1,Downsview,43.7334,-79.5116,0
2254,999000,5,3,L6V 4N4,Brampton,43.7059,-79.7626,2
2256,2805990,5,6,L4E 4W2,Richmond Hill ,43.9394,-79.4349,3
2257,2429990,4,4,L4E 4W2,Richmond Hill ,43.9394,-79.4349,0
2259,1299999,3,2,M1E 1L8,Scarborough,43.7678,-79.1866,3
2260,1738000,3,1,M5R 3J3,Toronto,43.6736,-79.4035,3
2261,1230000,2,1,M6E 2A2,York,43.6889,-79.4507,2
2262,5900000,5,4,M4W 1R1,Toronto,43.6827,-79.373,2
2263,3295000,4,4,M4W 1K2,Toronto,43.6827,-79.373,0
2264,1899000,4,3,M2N 3R7,Willowdale,43.7673,-79.4111,1
2265,559990,2,2,N3T 3V5,Brant,43.131,-80.3254,2
2266,559900,1,1,L6M 4J2,Oakville,43.4464,-79.7593,0
2267,799888,4,3,M2N 5S2,Willowdale,43.7673,-79.4111,3
2268,599900,2,2,L4Y 3H7,Mississauga,43.6028,-79.5929,2
2272,987999,2,2,M2J 1M4,North York ,43.7801,-79.3479,3
2275,680000,2,1,M4S 2B2,Toronto,43.702,-79.3853,1
2276,2600000,3,3,M5V 3H2,Toronto,43.6404,-79.3995,1
2277,761500,2,1,M5V 3Y7,Toronto,43.6404,-79.3995,2
2278,599900,1,1,L2V 4N1,St. Catharines ,43.1142,-79.2035,1
2280,669000,3,1,M5B 2L1,Toronto,43.6572,-79.3783,2
2281,745000,2,2,M2J 1M4,North York ,43.7801,-79.3479,2
2282,1999000,3,2,N6A 3H1,London,42.9976,-81.2563,2
2283,1150000,2,2,M6J 2L5,Toronto,43.648,-79.4177,0
2284,849000,2,1,K1M 2B2,Ottawa,45.4491,-75.6818,0
2285,849900,2,1,M9R 3V7,Etobicoke,43.6898,-79.5582,1
2288,968000,4,3,N1H 7C7,Guelph,43.5588,-80.3004,2
2289,499900,3,2,N5R 1R1,St. Thomas ,42.7597,-81.1762,1
2290,1849900,4,2,L6L 1Y9,Oakville,43.4032,-79.7186,3
2291,1599000,4,3,M4C 2Z1,East York ,43.6913,-79.3116,1
2292,3650000,5,5,M8X 2M6,Etobicoke,43.6518,-79.5076,1
2295,2888000,4,4,L3X 2K3,Newmarket,44.0433,-79.4912,2
2298,2399000,5,4,M4X 1P7,Toronto,43.6684,-79.3689,2
2299,4289000,5,4,M4G 2L8,East York ,43.7124,-79.3644,2
2300,1695000,7,4,M5S 1X4,Toronto,43.6629,-79.3987,2
2301,2580000,5,5,M2N 3B1,Willowdale,43.7673,-79.4111,3
2302,5198000,5,7,M4N 3M6,Toronto,43.7301,-79.3935,1
2303,6495000,5,6,M4N 2K7,Toronto,43.7301,-79.3935,0
2304,1900000,5,2,M3B 3K8,Don Mills ,43.745,-79.359,3
2305,2980000,3,3,M5N 1M2,Toronto,43.7113,-79.4195,1
2306,625000,3,2,P3C 2V8,Greater Sudbury ,46.5133,-81.0225,2
2307,532000,1,2,L3R 2G9,Markham,43.8479,-79.3288,0
2308,619900,3,2,L5M 6J3,Mississauga,43.5637,-79.7202,1
2309,679000,3,2,L4B 4V9,Richmond Hill ,43.8582,-79.3985,3
2311,749000,2,2,M4P 1P8,Toronto,43.7135,-79.3887,2
2312,989000,2,2,N7M 1N9,Chatham,42.4238,-82.1183,1
2313,689000,1,1,M5V 1A4,Toronto,43.6404,-79.3995,3
2315,721000,1,1,M5J 2R0,Toronto,43.623,-79.3936,3
2316,799900,2,2,M4P 2G5,Toronto,43.7135,-79.3887,0
2318,1250000,3,2,M5E 1Z9,Toronto,43.6456,-79.3754,1
2319,1158800,2,2,L8S 2G7,Hamilton,43.2606,-79.9161,1
2320,1398000,2,2,M5P 2X9,Toronto,43.6966,-79.412,2
2321,899000,3,2,M6K 3R9,Toronto,43.6383,-79.4301,2
2322,1495000,3,2,M4V 2K5,Toronto,43.6861,-79.4025,2
2323,859000,2,2,M5V 0E7,Toronto,43.6404,-79.3995,1
2324,729900,1,1,M6K 3P8,Toronto,43.6383,-79.4301,3
2325,1100000,2,1,K0L 1J0,Peterborough County,44.7767,-77.9687,2
2326,3999999,5,4,M4E 1L6,Toronto,43.6784,-79.2941,1
2327,1710000,5,3,M1E 3Y3,Scarborough,43.7678,-79.1866,2
2328,2899000,10,5,M1M 0E1,Scarborough,43.7247,-79.2312,1
2329,660000,2,2,L4M 0J2,Barrie,44.4001,-79.6663,1
2332,899900,3,3,L6R 0C1,Brampton,43.7592,-79.7605,2
2333,2599900,4,5,M4E 1H8,Toronto,43.6784,-79.2941,3
2334,2588000,4,4,M2L 1E4,North York ,43.7547,-79.3764,1
2336,570000,2,1,K0L 1Y0,Peterborough County,44.7767,-77.9687,1
2337,650000,2,2,L9W 7P9,Orangeville,43.9702,-80.016,1
2338,589000,3,2,M9V 5C7,Etobicoke,43.7432,-79.5876,1
2339,1508990,2,2,M4T 1X3,Toronto,43.6899,-79.3853,2
2340,1488990,2,2,M4T 1X3,Toronto,43.6899,-79.3853,1
2341,1198000,5,2,L2N 2T1,St. Catharines ,43.1923,-79.2559,2
2342,850000,4,2,N1R 2J2,Cambridge,43.3666,-80.2239,2
2343,599900,4,2,N7V 4C5,Sarnia,42.9998,-82.3926,0
2345,899000,6,6,L2R 2P3,St. Catharines ,43.1419,-79.2966,1
2347,1299000,6,3,L9C 3R9,Hamilton,43.2313,-79.9049,1
2348,2000000,7,6,P3E 1X3,Greater Sudbury ,46.2676,-80.9063,1
2349,649000,3,4,K2J 4E6,Nepean,45.2691,-75.7518,0
2351,2600000,9,4,M9V 1A4,Etobicoke,43.7432,-79.5876,0
2352,1750000,4,3,L5M 7T6,Mississauga,43.5637,-79.7202,0
2354,879999,3,3,L4N 3Z2,Barrie,44.3572,-79.6929,3
2355,1399000,4,4,M6G 1Z4,Toronto,43.6683,-79.4205,2
2356,1688000,5,4,L4L 1L2,Woodbridge,43.8064,-79.5995,2
2357,2999800,3,3,K7K 5K8,Kingston,44.2569,-76.4717,2
2358,2380000,5,7,K8P 5G7,Belleville,44.1665,-77.4037,2
2360,4555000,5,4,L4L 1X3,Woodbridge,43.8064,-79.5995,0
2361,799000,4,3,M4C 1J9,East York ,43.6913,-79.3116,1
2362,1250000,4,4,M1J 3G4,Scarborough,43.7464,-79.2323,3
2363,1199950,4,3,M4J 1G3,Toronto,43.6872,-79.3368,2
2364,1448888,4,4,L1G 7Y6,Oshawa,43.9233,-78.8684,0
2365,998900,5,2,M1K 2P8,Scarborough,43.7298,-79.2639,2
2367,1688000,3,5,M5A 2A6,Toronto,43.6555,-79.3626,2
2368,9495000,5,6,M2L 0A3,North York ,43.7547,-79.3764,2
2369,2288800,10,4,M5T 2G4,Toronto,43.6541,-79.3978,2
2371,525000,1,1,M9A 4Y1,Etobicoke,43.6662,-79.5282,2
2375,435000,3,1,M2N 0G2,Willowdale,43.7673,-79.4111,3
2376,489900,2,1,M1P 4N4,Scarborough,43.7612,-79.2707,1
2377,1150000,2,2,M4W 2H2,Toronto,43.6827,-79.373,0
2378,1175000,3,2,L3Y 4V9,Newmarket,44.0565,-79.4555,3
2380,690000,2,1,M4P 2C9,Toronto,43.7135,-79.3887,2
2381,1150000,3,3,M3C 1J3,Don Mills ,43.7334,-79.3329,2
2382,1100000,2,2,L8L 2Z3,Hamilton,43.2783,-79.8344,3
2384,1599900,5,2,L9W 2Y9,Orangeville,43.9702,-80.016,0
2385,899900,4,4,L8J 0B6,Hamilton,43.1836,-79.721,2
2386,2999000,4,4,L6L 4G2,Oakville,43.4032,-79.7186,2
2387,2300000,8,3,M6P,Toronto,43.6605,-79.4633,2
2388,1288000,4,2,M3N 2N6,North York ,43.7568,-79.521,1
2389,2999000,5,4,K9J 6X8,Peterborough,44.3104,-78.2396,3
2390,999900,5,4,L4M 2Z7,Barrie,44.4001,-79.6663,1
2391,950000,3,4,L4M 3M9,Barrie,44.4001,-79.6663,1
2392,2200000,4,3,M5T 1X4,Toronto,43.6541,-79.3978,3
2393,3099900,4,3,L4E 5B9,Richmond Hill ,43.9394,-79.4349,3
2394,1948800,3,3,L3Y 3T3,Newmarket,44.0565,-79.4555,2
2395,2877777,4,5,N3R 5E3,Brant,43.1692,-80.2684,0
2396,1798000,4,4,L4C 8T3,Richmond Hill ,43.8669,-79.4414,3
2397,1079000,3,3,M1V 4P1,Scarborough,43.8177,-79.2819,0
2399,1998000,1,4,M4S 1N2,Toronto,43.702,-79.3853,2
2400,8998800,6,7,M5P 1B1,Toronto,43.6966,-79.412,2
2401,3995000,7,7,M5P 1A2,Toronto,43.6966,-79.412,1
2402,1860000,5,2,M2R 1K1,Willowdale,43.7786,-79.445,2
2403,4388000,4,4,N6C 2Y5,London,42.9582,-81.238,0
